{"target": "ADANIPORTS.NS", "group_tickers": ["ADANIPORTS.NS", "ADANIENT.NS", "AMBUJACEM.NS", "ACC.NS", "CANBK.NS", "SBIN.NS"], "mu": [0.0007473277510143816, 0.00037580946809612215, 0.000463762873550877, -0.00017641235899645835, 0.0012627242831513286, 0.0006951452232897282], "sd": [0.024160919710993767, 0.03289230540394783, 0.021774500608444214, 0.018205227330327034, 0.021128343418240547, 0.014999710023403168], "best_val": 0.0005242270417511463, "best_epoch": 78, "edge_index": [[0, 0, 0, 0, 0, 1, 1, 1, 1, 1, 2, 2, 2, 2, 2, 3, 3, 3, 3, 3, 4, 4, 4, 4, 4, 5, 5, 5, 5, 5], [1, 2, 3, 4, 5, 0, 2, 3, 4, 5, 0, 1, 3, 4, 5, 0, 1, 2, 4, 5, 0, 1, 2, 3, 5, 0, 1, 2, 3, 4]]}