{"target": "ADANIPOWER.NS", "group_tickers": ["ADANIPOWER.NS", "ADANIGREEN.NS", "ADANIPORTS.NS", "ADANIENT.NS", "ACC.NS", "TATAPOWER.NS"], "mu": [0.002130145439878106, -0.0005372537998482585, 0.0007473277510143816, 0.00037580946809612215, -0.00017641235899645835, 0.0005761757493019104], "sd": [0.03193025663495064, 0.03420614078640938, 0.024160919710993767, 0.03289230540394783, 0.018205227330327034, 0.019125333055853844], "best_val": 0.0008474648057017475, "best_epoch": 70, "edge_index": [[0, 0, 0, 0, 0, 1, 1, 1, 1, 1, 2, 2, 2, 2, 2, 3, 3, 3, 3, 3, 4, 4, 4, 4, 4, 5, 5, 5, 5, 5], [1, 2, 3, 4, 5, 0, 2, 3, 4, 5, 0, 1, 3, 4, 5, 0, 1, 2, 4, 5, 0, 1, 2, 3, 5, 0, 1, 2, 3, 4]]}