{"target": "ADANIENT.NS", "group_tickers": ["ADANIENT.NS", "ADANIPORTS.NS", "AMBUJACEM.NS", "ACC.NS", "ADANIPOWER.NS", "ADANIGREEN.NS"], "mu": [0.00037580946809612215, 0.0007473277510143816, 0.000463762873550877, -0.00017641235899645835, 0.002130145439878106, -0.0005372537998482585], "sd": [0.03289230540394783, 0.024160919710993767, 0.021774500608444214, 0.018205227330327034, 0.03193025663495064, 0.03420614078640938], "best_val": 0.0008271389524452388, "best_epoch": 43, "edge_index": [[0, 0, 0, 0, 0, 1, 1, 1, 1, 1, 2, 2, 2, 2, 2, 3, 3, 3, 3, 3, 4, 4, 4, 4, 4, 5, 5, 5, 5, 5], [1, 2, 3, 4, 5, 0, 2, 3, 4, 5, 0, 1, 3, 4, 5, 0, 1, 2, 4, 5, 0, 1, 2, 3, 5, 0, 1, 2, 3, 4]]}