{"target": "AMBUJACEM.NS", "group_tickers": ["AMBUJACEM.NS", "ACC.NS", "ADANIPORTS.NS", "ADANIENT.NS", "SBIN.NS", "CANBK.NS"], "mu": [0.000463762873550877, -0.00017641235899645835, 0.0007473277510143816, 0.00037580946809612215, 0.0006951452232897282, 0.0012627242831513286], "sd": [0.021774500608444214, 0.018205227330327034, 0.024160919710993767, 0.03289230540394783, 0.014999710023403168, 0.021128343418240547], "best_val": 0.0005496468220371753, "best_epoch": 44, "edge_index": [[0, 0, 0, 0, 0, 1, 1, 1, 1, 1, 2, 2, 2, 2, 2, 3, 3, 3, 3, 3, 4, 4, 4, 4, 4, 5, 5, 5, 5, 5], [1, 2, 3, 4, 5, 0, 2, 3, 4, 5, 0, 1, 3, 4, 5, 0, 1, 2, 4, 5, 0, 1, 2, 3, 5, 0, 1, 2, 3, 4]]}