{"target": "APOLLOHOSP.NS", "group_tickers": ["APOLLOHOSP.NS", "DLF.NS", "GRASIM.NS", "ZYDUSLIFE.NS", "LUPIN.NS", "SRF.NS"], "mu": [0.0005457239458337426, 0.0007268631015904248, 0.0005356369074434042, 0.0009402005816809833, 0.0008565556490793824, 0.0002119074488291517], "sd": [0.015163146890699863, 0.02001222036778927, 0.014056016691029072, 0.01542164757847786, 0.01682974584400654, 0.01711324043571949], "best_val": 0.0003251897869631648, "best_epoch": 32, "edge_index": [[0, 0, 0, 0, 0, 1, 1, 1, 1, 1, 2, 2, 2, 2, 2, 3, 3, 3, 3, 3, 4, 4, 4, 4, 4, 5, 5, 5, 5, 5], [1, 2, 3, 4, 5, 0, 2, 3, 4, 5, 0, 1, 3, 4, 5, 0, 1, 2, 4, 5, 0, 1, 2, 3, 5, 0, 1, 2, 3, 4]]}