{"target": "ASHOKLEY.NS", "group_tickers": ["ASHOKLEY.NS", "BHARATFORG.NS", "DLF.NS", "TATAPOWER.NS", "M&M.NS", "SAIL.NS"], "mu": [0.000873996876180172, 0.0006184206577017903, 0.0007268631015904248, 0.0005761757493019104, 0.0015733138425275683, 0.0003793987852986902], "sd": [0.01815163716673851, 0.019001830369234085, 0.02001222036778927, 0.019125333055853844, 0.017170337960124016, 0.024167824536561966], "best_val": 0.0003953110863221809, "best_epoch": 60, "edge_index": [[0, 0, 0, 0, 0, 1, 1, 1, 1, 1, 2, 2, 2, 2, 2, 3, 3, 3, 3, 3, 4, 4, 4, 4, 4, 5, 5, 5, 5, 5], [1, 2, 3, 4, 5, 0, 2, 3, 4, 5, 0, 1, 3, 4, 5, 0, 1, 2, 4, 5, 0, 1, 2, 3, 5, 0, 1, 2, 3, 4]]}