{"target": "ASIANPAINT.NS", "group_tickers": ["ASIANPAINT.NS", "PIDILITIND.NS", "HINDUNILVR.NS", "GRASIM.NS", "ULTRACEMCO.NS", "NESTLEIND.NS"], "mu": [-0.00028005390777252614, 0.00017727904196362942, 0.00014373331214301288, 0.0005356369074434042, 0.0005415176274254918, 0.0003318078815937042], "sd": [0.013163118623197079, 0.012689011171460152, 0.012422769330441952, 0.014056016691029072, 0.014020963571965694, 0.01165077555924654], "best_val": 0.0002115483584930189, "best_epoch": 46, "edge_index": [[0, 0, 0, 0, 0, 1, 1, 1, 1, 1, 2, 2, 2, 2, 2, 3, 3, 3, 3, 3, 4, 4, 4, 4, 4, 5, 5, 5, 5, 5], [1, 2, 3, 4, 5, 0, 2, 3, 4, 5, 0, 1, 3, 4, 5, 0, 1, 2, 4, 5, 0, 1, 2, 3, 5, 0, 1, 2, 3, 4]]}