{"target": "AUBANK.NS", "group_tickers": ["AUBANK.NS", "RBLBANK.NS", "BANDHANBNK.NS", "INDUSINDBK.NS", "FEDERALBNK.NS", "BAJAJFINSV.NS"], "mu": [0.000295964622637257, 0.0008283128845505416, -0.0006247617420740426, -0.00015487025666516274, 0.0009296870557591319, 0.00022686015290673822], "sd": [0.01944633200764656, 0.027668198570609093, 0.02211545966565609, 0.021756675094366074, 0.016619054600596428, 0.015984397381544113], "best_val": 0.0004629363975254819, "best_epoch": 46, "edge_index": [[0, 0, 0, 0, 0, 1, 1, 1, 1, 1, 2, 2, 2, 2, 2, 3, 3, 3, 3, 3, 4, 4, 4, 4, 4, 5, 5, 5, 5, 5], [1, 2, 3, 4, 5, 0, 2, 3, 4, 5, 0, 1, 3, 4, 5, 0, 1, 2, 4, 5, 0, 1, 2, 3, 5, 0, 1, 2, 3, 4]]}