{"target": "AXISBANK.NS", "group_tickers": ["AXISBANK.NS", "ICICIBANK.NS", "SBIN.NS", "CANBK.NS", "BANKBARODA.NS", "PNB.NS"], "mu": [0.0005195578560233116, 0.0006123905768617988, 0.0006951452232897282, 0.0012627242831513286, 0.001234935480169952, 0.0012472716625779867], "sd": [0.01455396506935358, 0.011805814690887928, 0.014999710023403168, 0.021128343418240547, 0.02078891545534134, 0.022040311247110367], "best_val": 0.00028699447284452617, "best_epoch": 67, "edge_index": [[0, 0, 0, 0, 0, 1, 1, 1, 1, 1, 2, 2, 2, 2, 2, 3, 3, 3, 3, 3, 4, 4, 4, 4, 4, 5, 5, 5, 5, 5], [1, 2, 3, 4, 5, 0, 2, 3, 4, 5, 0, 1, 3, 4, 5, 0, 1, 2, 4, 5, 0, 1, 2, 3, 5, 0, 1, 2, 3, 4]]}