{"target": "BAJAJHLDNG.NS", "group_tickers": ["BAJAJHLDNG.NS", "BAJAJFINSV.NS", "DLF.NS", "INDHOTEL.NS", "M&M.NS", "PIDILITIND.NS"], "mu": [0.0009818815160542727, 0.00022686015290673822, 0.0007268631015904248, 0.001389054348692298, 0.0015733138425275683, 0.00017727904196362942], "sd": [0.019158480688929558, 0.015984397381544113, 0.02001222036778927, 0.01877065747976303, 0.017170337960124016, 0.012689011171460152], "best_val": 0.00036089222703594714, "best_epoch": 54, "edge_index": [[0, 0, 0, 0, 0, 1, 1, 1, 1, 1, 2, 2, 2, 2, 2, 3, 3, 3, 3, 3, 4, 4, 4, 4, 4, 5, 5, 5, 5, 5], [1, 2, 3, 4, 5, 0, 2, 3, 4, 5, 0, 1, 3, 4, 5, 0, 1, 2, 4, 5, 0, 1, 2, 3, 5, 0, 1, 2, 3, 4]]}