{"target": "BAJAJFINSV.NS", "group_tickers": ["BAJAJFINSV.NS", "CHOLAFIN.NS", "SBICARD.NS", "SBIN.NS", "DLF.NS", "ICICIBANK.NS"], "mu": [0.00022686015290673822, 0.001089350669644773, 4.080383951077238e-05, 0.0006951452232897282, 0.0007268631015904248, 0.0006123905768617988], "sd": [0.015984397381544113, 0.01991853676736355, 0.015392638742923737, 0.014999710023403168, 0.02001222036778927, 0.011805814690887928], "best_val": 0.00030618863820564, "best_epoch": 77, "edge_index": [[0, 0, 0, 0, 0, 1, 1, 1, 1, 1, 2, 2, 2, 2, 2, 3, 3, 3, 3, 3, 4, 4, 4, 4, 4, 5, 5, 5, 5, 5], [1, 2, 3, 4, 5, 0, 2, 3, 4, 5, 0, 1, 3, 4, 5, 0, 1, 2, 4, 5, 0, 1, 2, 3, 5, 0, 1, 2, 3, 4]]}