{"target": "BANDHANBNK.NS", "group_tickers": ["BANDHANBNK.NS", "CANBK.NS", "BANKBARODA.NS", "RBLBANK.NS", "PNB.NS", "TATAPOWER.NS"], "mu": [-0.0006247617420740426, 0.0012627242831513286, 0.001234935480169952, 0.0008283128845505416, 0.0012472716625779867, 0.0005761757493019104], "sd": [0.02211545966565609, 0.021128343418240547, 0.02078891545534134, 0.027668198570609093, 0.022040311247110367, 0.019125333055853844], "best_val": 0.0004988556611351669, "best_epoch": 75, "edge_index": [[0, 0, 0, 0, 0, 1, 1, 1, 1, 1, 2, 2, 2, 2, 2, 3, 3, 3, 3, 3, 4, 4, 4, 4, 4, 5, 5, 5, 5, 5], [1, 2, 3, 4, 5, 0, 2, 3, 4, 5, 0, 1, 3, 4, 5, 0, 1, 2, 4, 5, 0, 1, 2, 3, 5, 0, 1, 2, 3, 4]]}