{"target": "BEL.NS", "group_tickers": ["BEL.NS", "HAL.NS", "BHEL.NS", "PFC.NS", "GAIL.NS", "SAIL.NS"], "mu": [0.0019869357347488403, 0.002172701293602586, 0.001551022520288825, 0.0017681889003142715, 0.0008530704653821886, 0.0003793987852986902], "sd": [0.01994970627129078, 0.021414898335933685, 0.02590871974825859, 0.023581529036164284, 0.019630758091807365, 0.024167824536561966], "best_val": 0.0005664916388923302, "best_epoch": 31, "edge_index": [[0, 0, 0, 0, 0, 1, 1, 1, 1, 1, 2, 2, 2, 2, 2, 3, 3, 3, 3, 3, 4, 4, 4, 4, 4, 5, 5, 5, 5, 5], [1, 2, 3, 4, 5, 0, 2, 3, 4, 5, 0, 1, 3, 4, 5, 0, 1, 2, 4, 5, 0, 1, 2, 3, 5, 0, 1, 2, 3, 4]]}