{"target": "BHARATFORG.NS", "group_tickers": ["BHARATFORG.NS", "ASHOKLEY.NS", "MOTHERSON.NS", "SAIL.NS", "DLF.NS", "BEL.NS"], "mu": [0.0006184206577017903, 0.000873996876180172, 0.00039877049857750535, 0.0003793987852986902, 0.0007268631015904248, 0.0019869357347488403], "sd": [0.019001830369234085, 0.01815163716673851, 0.021264633163809776, 0.024167824536561966, 0.02001222036778927, 0.01994970627129078], "best_val": 0.00040817556146066636, "best_epoch": 44, "edge_index": [[0, 0, 0, 0, 0, 1, 1, 1, 1, 1, 2, 2, 2, 2, 2, 3, 3, 3, 3, 3, 4, 4, 4, 4, 4, 5, 5, 5, 5, 5], [1, 2, 3, 4, 5, 0, 2, 3, 4, 5, 0, 1, 3, 4, 5, 0, 1, 2, 4, 5, 0, 1, 2, 3, 5, 0, 1, 2, 3, 4]]}