{"target": "BHARTIARTL.NS", "group_tickers": ["BHARTIARTL.NS", "ICICIBANK.NS", "RELIANCE.NS", "GRASIM.NS", "DLF.NS", "JSWSTEEL.NS"], "mu": [0.001143006724305451, 0.0006123905768617988, 0.0002853740588761866, 0.0005356369074434042, 0.0007268631015904248, 0.0006620307685807347], "sd": [0.012920877896249294, 0.011805814690887928, 0.013492664322257042, 0.014056016691029072, 0.02001222036778927, 0.01688303053379059], "best_val": 0.0002132122463081032, "best_epoch": 77, "edge_index": [[0, 0, 0, 0, 0, 1, 1, 1, 1, 1, 2, 2, 2, 2, 2, 3, 3, 3, 3, 3, 4, 4, 4, 4, 4, 5, 5, 5, 5, 5], [1, 2, 3, 4, 5, 0, 2, 3, 4, 5, 0, 1, 3, 4, 5, 0, 1, 2, 4, 5, 0, 1, 2, 3, 5, 0, 1, 2, 3, 4]]}