{"target": "BHEL.NS", "group_tickers": ["BHEL.NS", "BEL.NS", "SAIL.NS", "TATAPOWER.NS", "PFC.NS", "CANBK.NS"], "mu": [0.001551022520288825, 0.0019869357347488403, 0.0003793987852986902, 0.0005761757493019104, 0.0017681889003142715, 0.0012627242831513286], "sd": [0.02590871974825859, 0.01994970627129078, 0.024167824536561966, 0.019125333055853844, 0.023581529036164284, 0.021128343418240547], "best_val": 0.0005237993609625846, "best_epoch": 37, "edge_index": [[0, 0, 0, 0, 0, 1, 1, 1, 1, 1, 2, 2, 2, 2, 2, 3, 3, 3, 3, 3, 4, 4, 4, 4, 4, 5, 5, 5, 5, 5], [1, 2, 3, 4, 5, 0, 2, 3, 4, 5, 0, 1, 3, 4, 5, 0, 1, 2, 4, 5, 0, 1, 2, 3, 5, 0, 1, 2, 3, 4]]}