{"target": "BOSCHLTD.NS", "group_tickers": ["BOSCHLTD.NS", "DLF.NS", "MOTHERSON.NS", "TATAPOWER.NS", "M&M.NS", "TVSMOTOR.NS"], "mu": [0.0009524492197670043, 0.0007268631015904248, 0.00039877049857750535, 0.0005761757493019104, 0.0015733138425275683, 0.001861819182522595], "sd": [0.014596894383430481, 0.02001222036778927, 0.021264633163809776, 0.019125333055853844, 0.017170337960124016, 0.01641778089106083], "best_val": 0.0003883647732436657, "best_epoch": 62, "edge_index": [[0, 0, 0, 0, 0, 1, 1, 1, 1, 1, 2, 2, 2, 2, 2, 3, 3, 3, 3, 3, 4, 4, 4, 4, 4, 5, 5, 5, 5, 5], [1, 2, 3, 4, 5, 0, 2, 3, 4, 5, 0, 1, 3, 4, 5, 0, 1, 2, 4, 5, 0, 1, 2, 3, 5, 0, 1, 2, 3, 4]]}