{"target": "BPCL.NS", "group_tickers": ["BPCL.NS", "IOC.NS", "BHEL.NS", "SAIL.NS", "CANBK.NS", "GAIL.NS"], "mu": [0.0008068691240623593, 0.0009527519578114152, 0.001551022520288825, 0.0003793987852986902, 0.0012627242831513286, 0.0008530704653821886], "sd": [0.017459293827414513, 0.01709473691880703, 0.02590871974825859, 0.024167824536561966, 0.021128343418240547, 0.019630758091807365], "best_val": 0.00044306971540208906, "best_epoch": 59, "edge_index": [[0, 0, 0, 0, 0, 1, 1, 1, 1, 1, 2, 2, 2, 2, 2, 3, 3, 3, 3, 3, 4, 4, 4, 4, 4, 5, 5, 5, 5, 5], [1, 2, 3, 4, 5, 0, 2, 3, 4, 5, 0, 1, 3, 4, 5, 0, 1, 2, 4, 5, 0, 1, 2, 3, 5, 0, 1, 2, 3, 4]]}