{"target": "BRITANNIA.NS", "group_tickers": ["BRITANNIA.NS", "HINDUNILVR.NS", "NESTLEIND.NS", "DABUR.NS", "TATACONSUM.NS", "GODREJCP.NS"], "mu": [0.000605473353061825, 0.00014373331214301288, 0.0003318078815937042, -8.443357364740223e-05, 0.0005344976671040058, 0.0002746834943536669], "sd": [0.012644976377487183, 0.012422769330441952, 0.01165077555924654, 0.01311442069709301, 0.014122623950242996, 0.015918586403131485], "best_val": 0.00021223424118943512, "best_epoch": 51, "edge_index": [[0, 0, 0, 0, 0, 1, 1, 1, 1, 1, 2, 2, 2, 2, 2, 3, 3, 3, 3, 3, 4, 4, 4, 4, 4, 5, 5, 5, 5, 5], [1, 2, 3, 4, 5, 0, 2, 3, 4, 5, 0, 1, 3, 4, 5, 0, 1, 2, 4, 5, 0, 1, 2, 3, 5, 0, 1, 2, 3, 4]]}