{"target": "BSE.NS", "group_tickers": ["BSE.NS", "TATAPOWER.NS", "CANBK.NS", "BHEL.NS", "SAIL.NS", "EXIDEIND.NS"], "mu": [0.0026119633112102747, 0.0005761757493019104, 0.0012627242831513286, 0.001551022520288825, 0.0003793987852986902, 0.000909718160983175], "sd": [0.031107531860470772, 0.019125333055853844, 0.021128343418240547, 0.02590871974825859, 0.024167824536561966, 0.01850995421409607], "best_val": 0.000720445008482784, "best_epoch": 43, "edge_index": [[0, 0, 0, 0, 0, 1, 1, 1, 1, 1, 2, 2, 2, 2, 2, 3, 3, 3, 3, 3, 4, 4, 4, 4, 4, 5, 5, 5, 5, 5], [1, 2, 3, 4, 5, 0, 2, 3, 4, 5, 0, 1, 3, 4, 5, 0, 1, 2, 4, 5, 0, 1, 2, 3, 5, 0, 1, 2, 3, 4]]}