{"target": "CEATLTD.NS", "group_tickers": ["CEATLTD.NS", "MRF.NS", "IDBI.NS", "TATAPOWER.NS", "ADANIPORTS.NS", "UNIONBANK.NS"], "mu": [0.0013622863916680217, 0.0008374117314815521, 0.0007704485324211419, 0.0005761757493019104, 0.0007473277510143816, 0.001391374971717596], "sd": [0.023037374019622803, 0.013925333507359028, 0.02565770410001278, 0.019125333055853844, 0.024160919710993767, 0.024391131475567818], "best_val": 0.00047985279525164515, "best_epoch": 71, "edge_index": [[0, 0, 0, 0, 0, 1, 1, 1, 1, 1, 2, 2, 2, 2, 2, 3, 3, 3, 3, 3, 4, 4, 4, 4, 4, 5, 5, 5, 5, 5], [1, 2, 3, 4, 5, 0, 2, 3, 4, 5, 0, 1, 3, 4, 5, 0, 1, 2, 4, 5, 0, 1, 2, 3, 5, 0, 1, 2, 3, 4]]}