{"target": "CESC.NS", "group_tickers": ["CESC.NS", "TATAPOWER.NS", "NTPC.NS", "BHEL.NS", "NHPC.NS", "PFC.NS"], "mu": [0.0009146464290097356, 0.0005761757493019104, 0.00113509816583246, 0.001551022520288825, 0.0012677601771429181, 0.0017681889003142715], "sd": [0.020292973145842552, 0.019125333055853844, 0.01584269478917122, 0.02590871974825859, 0.02173195220530033, 0.023581529036164284], "best_val": 0.0004946460685459897, "best_epoch": 48, "edge_index": [[0, 0, 0, 0, 0, 1, 1, 1, 1, 1, 2, 2, 2, 2, 2, 3, 3, 3, 3, 3, 4, 4, 4, 4, 4, 5, 5, 5, 5, 5], [1, 2, 3, 4, 5, 0, 2, 3, 4, 5, 0, 1, 3, 4, 5, 0, 1, 2, 4, 5, 0, 1, 2, 3, 5, 0, 1, 2, 3, 4]]}