{"target": "CHOLAFIN.NS", "group_tickers": ["CHOLAFIN.NS", "BAJAJFINSV.NS", "DLF.NS", "SBICARD.NS", "ASHOKLEY.NS", "RBLBANK.NS"], "mu": [0.001089350669644773, 0.00022686015290673822, 0.0007268631015904248, 4.080383951077238e-05, 0.000873996876180172, 0.0008283128845505416], "sd": [0.01991853676736355, 0.015984397381544113, 0.02001222036778927, 0.015392638742923737, 0.01815163716673851, 0.027668198570609093], "best_val": 0.0004139232187299058, "best_epoch": 40, "edge_index": [[0, 0, 0, 0, 0, 1, 1, 1, 1, 1, 2, 2, 2, 2, 2, 3, 3, 3, 3, 3, 4, 4, 4, 4, 4, 5, 5, 5, 5, 5], [1, 2, 3, 4, 5, 0, 2, 3, 4, 5, 0, 1, 3, 4, 5, 0, 1, 2, 4, 5, 0, 1, 2, 3, 5, 0, 1, 2, 3, 4]]}