{"target": "COALINDIA.NS", "group_tickers": ["COALINDIA.NS", "NMDC.NS", "SAIL.NS", "GAIL.NS", "TATAPOWER.NS", "ONGC.NS"], "mu": [0.0012683072127401829, 0.0009818903636187315, 0.0003793987852986902, 0.0008530704653821886, 0.0005761757493019104, 0.0006892620585858822], "sd": [0.017694825306534767, 0.02131418138742447, 0.024167824536561966, 0.019630758091807365, 0.019125333055853844, 0.01933356560766697], "best_val": 0.0003965789655921981, "best_epoch": 75, "edge_index": [[0, 0, 0, 0, 0, 1, 1, 1, 1, 1, 2, 2, 2, 2, 2, 3, 3, 3, 3, 3, 4, 4, 4, 4, 4, 5, 5, 5, 5, 5], [1, 2, 3, 4, 5, 0, 2, 3, 4, 5, 0, 1, 3, 4, 5, 0, 1, 2, 4, 5, 0, 1, 2, 3, 5, 0, 1, 2, 3, 4]]}