{"target": "COLPAL.NS", "group_tickers": ["COLPAL.NS", "MARICO.NS", "NESTLEIND.NS", "DABUR.NS", "HINDUNILVR.NS", "BRITANNIA.NS"], "mu": [0.0005518547259271145, 0.00045312888687476516, 0.0003318078815937042, -8.443357364740223e-05, 0.00014373331214301288, 0.000605473353061825], "sd": [0.013480987399816513, 0.014118312858045101, 0.01165077555924654, 0.01311442069709301, 0.012422769330441952, 0.012644976377487183], "best_val": 0.0002752257860265672, "best_epoch": 72, "edge_index": [[0, 0, 0, 0, 0, 1, 1, 1, 1, 1, 2, 2, 2, 2, 2, 3, 3, 3, 3, 3, 4, 4, 4, 4, 4, 5, 5, 5, 5, 5], [1, 2, 3, 4, 5, 0, 2, 3, 4, 5, 0, 1, 3, 4, 5, 0, 1, 2, 4, 5, 0, 1, 2, 3, 5, 0, 1, 2, 3, 4]]}