{"target": "CROMPTON.NS", "group_tickers": ["CROMPTON.NS", "HAVELLS.NS", "DLF.NS", "VOLTAS.NS", "TATAPOWER.NS", "DEEPAKNTR.NS"], "mu": [-0.00039248718530870974, 0.0001886742393253371, 0.0007268631015904248, 0.000148961873492226, 0.0005761757493019104, -0.00033113890094682574], "sd": [0.017794931307435036, 0.015230151824653149, 0.02001222036778927, 0.018757225945591927, 0.019125333055853844, 0.019541271030902863], "best_val": 0.00041209331538993865, "best_epoch": 55, "edge_index": [[0, 0, 0, 0, 0, 1, 1, 1, 1, 1, 2, 2, 2, 2, 2, 3, 3, 3, 3, 3, 4, 4, 4, 4, 4, 5, 5, 5, 5, 5], [1, 2, 3, 4, 5, 0, 2, 3, 4, 5, 0, 1, 3, 4, 5, 0, 1, 2, 4, 5, 0, 1, 2, 3, 5, 0, 1, 2, 3, 4]]}