{"target": "DABUR.NS", "group_tickers": ["DABUR.NS", "HINDUNILVR.NS", "MARICO.NS", "GODREJCP.NS", "COLPAL.NS", "BRITANNIA.NS"], "mu": [-8.443357364740223e-05, 0.00014373331214301288, 0.00045312888687476516, 0.0002746834943536669, 0.0005518547259271145, 0.000605473353061825], "sd": [0.01311442069709301, 0.012422769330441952, 0.014118312858045101, 0.015918586403131485, 0.013480987399816513, 0.012644976377487183], "best_val": 0.0002382204111199826, "best_epoch": 67, "edge_index": [[0, 0, 0, 0, 0, 1, 1, 1, 1, 1, 2, 2, 2, 2, 2, 3, 3, 3, 3, 3, 4, 4, 4, 4, 4, 5, 5, 5, 5, 5], [1, 2, 3, 4, 5, 0, 2, 3, 4, 5, 0, 1, 3, 4, 5, 0, 1, 2, 4, 5, 0, 1, 2, 3, 5, 0, 1, 2, 3, 4]]}