{"target": "DEEPAKNTR.NS", "group_tickers": ["DEEPAKNTR.NS", "SRF.NS", "DLF.NS", "TATAPOWER.NS", "UPL.NS", "SAIL.NS"], "mu": [-0.00033113890094682574, 0.0002119074488291517, 0.0007268631015904248, 0.0005761757493019104, -8.601075387559831e-05, 0.0003793987852986902], "sd": [0.019541271030902863, 0.01711324043571949, 0.02001222036778927, 0.019125333055853844, 0.017028242349624634, 0.024167824536561966], "best_val": 0.0004232587671140209, "best_epoch": 76, "edge_index": [[0, 0, 0, 0, 0, 1, 1, 1, 1, 1, 2, 2, 2, 2, 2, 3, 3, 3, 3, 3, 4, 4, 4, 4, 4, 5, 5, 5, 5, 5], [1, 2, 3, 4, 5, 0, 2, 3, 4, 5, 0, 1, 3, 4, 5, 0, 1, 2, 4, 5, 0, 1, 2, 3, 5, 0, 1, 2, 3, 4]]}