{"target": "DLF.NS", "group_tickers": ["DLF.NS", "TATAPOWER.NS", "CANBK.NS", "BHEL.NS", "SBIN.NS", "SAIL.NS"], "mu": [0.0007268631015904248, 0.0005761757493019104, 0.0012627242831513286, 0.001551022520288825, 0.0006951452232897282, 0.0003793987852986902], "sd": [0.02001222036778927, 0.019125333055853844, 0.021128343418240547, 0.02590871974825859, 0.014999710023403168, 0.024167824536561966], "best_val": 0.0004514970787568018, "best_epoch": 19, "edge_index": [[0, 0, 0, 0, 0, 1, 1, 1, 1, 1, 2, 2, 2, 2, 2, 3, 3, 3, 3, 3, 4, 4, 4, 4, 4, 5, 5, 5, 5, 5], [1, 2, 3, 4, 5, 0, 2, 3, 4, 5, 0, 1, 3, 4, 5, 0, 1, 2, 4, 5, 0, 1, 2, 3, 5, 0, 1, 2, 3, 4]]}