{"target": "EICHERMOT.NS", "group_tickers": ["EICHERMOT.NS", "MARUTI.NS", "TVSMOTOR.NS", "M&M.NS", "ASHOKLEY.NS", "DLF.NS"], "mu": [0.0010601786198094487, 0.0007556659402325749, 0.001861819182522595, 0.0015733138425275683, 0.000873996876180172, 0.0007268631015904248], "sd": [0.01569165661931038, 0.013668314553797245, 0.01641778089106083, 0.017170337960124016, 0.01815163716673851, 0.02001222036778927], "best_val": 0.0003407839249121025, "best_epoch": 79, "edge_index": [[0, 0, 0, 0, 0, 1, 1, 1, 1, 1, 2, 2, 2, 2, 2, 3, 3, 3, 3, 3, 4, 4, 4, 4, 4, 5, 5, 5, 5, 5], [1, 2, 3, 4, 5, 0, 2, 3, 4, 5, 0, 1, 3, 4, 5, 0, 1, 2, 4, 5, 0, 1, 2, 3, 5, 0, 1, 2, 3, 4]]}