{"target": "ETERNAL.NS", "group_tickers": ["ETERNAL.NS", "DLF.NS", "TATAPOWER.NS", "DEEPAKNTR.NS", "CANBK.NS", "YESBANK.NS"], "mu": [0.0011617349227890372, 0.0007268631015904248, 0.0005761757493019104, -0.00033113890094682574, 0.0012627242831513286, 0.0005316169699653983], "sd": [0.029112080112099648, 0.02001222036778927, 0.019125333055853844, 0.019541271030902863, 0.021128343418240547, 0.02419043332338333], "best_val": 0.0004709706990979612, "best_epoch": 65, "edge_index": [[0, 0, 0, 0, 0, 1, 1, 1, 1, 1, 2, 2, 2, 2, 2, 3, 3, 3, 3, 3, 4, 4, 4, 4, 4, 5, 5, 5, 5, 5], [1, 2, 3, 4, 5, 0, 2, 3, 4, 5, 0, 1, 3, 4, 5, 0, 1, 2, 4, 5, 0, 1, 2, 3, 5, 0, 1, 2, 3, 4]]}