{"target": "EXIDEIND.NS", "group_tickers": ["EXIDEIND.NS", "BHEL.NS", "SAIL.NS", "TATAPOWER.NS", "DLF.NS", "PFC.NS"], "mu": [0.000909718160983175, 0.001551022520288825, 0.0003793987852986902, 0.0005761757493019104, 0.0007268631015904248, 0.0017681889003142715], "sd": [0.01850995421409607, 0.02590871974825859, 0.024167824536561966, 0.019125333055853844, 0.02001222036778927, 0.023581529036164284], "best_val": 0.0006608761323150247, "best_epoch": 58, "edge_index": [[0, 0, 0, 0, 0, 1, 1, 1, 1, 1, 2, 2, 2, 2, 2, 3, 3, 3, 3, 3, 4, 4, 4, 4, 4, 5, 5, 5, 5, 5], [1, 2, 3, 4, 5, 0, 2, 3, 4, 5, 0, 1, 3, 4, 5, 0, 1, 2, 4, 5, 0, 1, 2, 3, 5, 0, 1, 2, 3, 4]]}