{"target": "FEDERALBNK.NS", "group_tickers": ["FEDERALBNK.NS", "CANBK.NS", "PNB.NS", "BANKBARODA.NS", "SBIN.NS", "RBLBANK.NS"], "mu": [0.0009296870557591319, 0.0012627242831513286, 0.0012472716625779867, 0.001234935480169952, 0.0006951452232897282, 0.0008283128845505416], "sd": [0.016619054600596428, 0.021128343418240547, 0.022040311247110367, 0.02078891545534134, 0.014999710023403168, 0.027668198570609093], "best_val": 0.0003838697593891993, "best_epoch": 80, "edge_index": [[0, 0, 0, 0, 0, 1, 1, 1, 1, 1, 2, 2, 2, 2, 2, 3, 3, 3, 3, 3, 4, 4, 4, 4, 4, 5, 5, 5, 5, 5], [1, 2, 3, 4, 5, 0, 2, 3, 4, 5, 0, 1, 3, 4, 5, 0, 1, 2, 4, 5, 0, 1, 2, 3, 5, 0, 1, 2, 3, 4]]}