{"target": "GAIL.NS", "group_tickers": ["GAIL.NS", "SAIL.NS", "ONGC.NS", "NTPC.NS", "COALINDIA.NS", "NMDC.NS"], "mu": [0.0008530704653821886, 0.0003793987852986902, 0.0006892620585858822, 0.00113509816583246, 0.0012683072127401829, 0.0009818903636187315], "sd": [0.019630758091807365, 0.024167824536561966, 0.01933356560766697, 0.01584269478917122, 0.017694825306534767, 0.02131418138742447], "best_val": 0.0004148893349338323, "best_epoch": 23, "edge_index": [[0, 0, 0, 0, 0, 1, 1, 1, 1, 1, 2, 2, 2, 2, 2, 3, 3, 3, 3, 3, 4, 4, 4, 4, 4, 5, 5, 5, 5, 5], [1, 2, 3, 4, 5, 0, 2, 3, 4, 5, 0, 1, 3, 4, 5, 0, 1, 2, 4, 5, 0, 1, 2, 3, 5, 0, 1, 2, 3, 4]]}