{"target": "GODREJCP.NS", "group_tickers": ["GODREJCP.NS", "DABUR.NS", "HINDUNILVR.NS", "MARICO.NS", "TATACONSUM.NS", "BRITANNIA.NS"], "mu": [0.0002746834943536669, -8.443357364740223e-05, 0.00014373331214301288, 0.00045312888687476516, 0.0005344976671040058, 0.000605473353061825], "sd": [0.015918586403131485, 0.01311442069709301, 0.012422769330441952, 0.014118312858045101, 0.014122623950242996, 0.012644976377487183], "best_val": 0.00024990712699946016, "best_epoch": 52, "edge_index": [[0, 0, 0, 0, 0, 1, 1, 1, 1, 1, 2, 2, 2, 2, 2, 3, 3, 3, 3, 3, 4, 4, 4, 4, 4, 5, 5, 5, 5, 5], [1, 2, 3, 4, 5, 0, 2, 3, 4, 5, 0, 1, 3, 4, 5, 0, 1, 2, 4, 5, 0, 1, 2, 3, 5, 0, 1, 2, 3, 4]]}