{"target": "GRASIM.NS", "group_tickers": ["GRASIM.NS", "ULTRACEMCO.NS", "DLF.NS", "JSWSTEEL.NS", "JKCEMENT.NS", "ACC.NS"], "mu": [0.0005356369074434042, 0.0005415176274254918, 0.0007268631015904248, 0.0006620307685807347, 0.0006686404231004417, -0.00017641235899645835], "sd": [0.014056016691029072, 0.014020963571965694, 0.02001222036778927, 0.01688303053379059, 0.01771443337202072, 0.018205227330327034], "best_val": 0.0002766548132058233, "best_epoch": 46, "edge_index": [[0, 0, 0, 0, 0, 1, 1, 1, 1, 1, 2, 2, 2, 2, 2, 3, 3, 3, 3, 3, 4, 4, 4, 4, 4, 5, 5, 5, 5, 5], [1, 2, 3, 4, 5, 0, 2, 3, 4, 5, 0, 1, 3, 4, 5, 0, 1, 2, 4, 5, 0, 1, 2, 3, 5, 0, 1, 2, 3, 4]]}