{"target": "GSPL.NS", "group_tickers": ["GSPL.NS", "TATAPOWER.NS", "GAIL.NS", "IDBI.NS", "NTPC.NS", "CANBK.NS"], "mu": [7.319520227611065e-05, 0.0005761757493019104, 0.0008530704653821886, 0.0007704485324211419, 0.00113509816583246, 0.0012627242831513286], "sd": [0.02022775076329708, 0.019125333055853844, 0.019630758091807365, 0.02565770410001278, 0.01584269478917122, 0.021128343418240547], "best_val": 0.0006118644232628867, "best_epoch": 33, "edge_index": [[0, 0, 0, 0, 0, 1, 1, 1, 1, 1, 2, 2, 2, 2, 2, 3, 3, 3, 3, 3, 4, 4, 4, 4, 4, 5, 5, 5, 5, 5], [1, 2, 3, 4, 5, 0, 2, 3, 4, 5, 0, 1, 3, 4, 5, 0, 1, 2, 4, 5, 0, 1, 2, 3, 5, 0, 1, 2, 3, 4]]}