{"target": "HAL.NS", "group_tickers": ["HAL.NS", "BEL.NS", "BHEL.NS", "PFC.NS", "SIEMENS.NS", "TATAPOWER.NS"], "mu": [0.002172701293602586, 0.0019869357347488403, 0.001551022520288825, 0.0017681889003142715, 0.000897840247489512, 0.0005761757493019104], "sd": [0.021414898335933685, 0.01994970627129078, 0.02590871974825859, 0.023581529036164284, 0.018371939659118652, 0.019125333055853844], "best_val": 0.0005994111706968397, "best_epoch": 56, "edge_index": [[0, 0, 0, 0, 0, 1, 1, 1, 1, 1, 2, 2, 2, 2, 2, 3, 3, 3, 3, 3, 4, 4, 4, 4, 4, 5, 5, 5, 5, 5], [1, 2, 3, 4, 5, 0, 2, 3, 4, 5, 0, 1, 3, 4, 5, 0, 1, 2, 4, 5, 0, 1, 2, 3, 5, 0, 1, 2, 3, 4]]}