{"target": "HAVELLS.NS", "group_tickers": ["HAVELLS.NS", "DLF.NS", "BHEL.NS", "TATAPOWER.NS", "VOLTAS.NS", "SIEMENS.NS"], "mu": [0.0001886742393253371, 0.0007268631015904248, 0.001551022520288825, 0.0005761757493019104, 0.000148961873492226, 0.000897840247489512], "sd": [0.015230151824653149, 0.02001222036778927, 0.02590871974825859, 0.019125333055853844, 0.018757225945591927, 0.018371939659118652], "best_val": 0.0005144142342032865, "best_epoch": 41, "edge_index": [[0, 0, 0, 0, 0, 1, 1, 1, 1, 1, 2, 2, 2, 2, 2, 3, 3, 3, 3, 3, 4, 4, 4, 4, 4, 5, 5, 5, 5, 5], [1, 2, 3, 4, 5, 0, 2, 3, 4, 5, 0, 1, 3, 4, 5, 0, 1, 2, 4, 5, 0, 1, 2, 3, 5, 0, 1, 2, 3, 4]]}