{"target": "HDFCAMC.NS", "group_tickers": ["HDFCAMC.NS", "DLF.NS", "PFC.NS", "TATAPOWER.NS", "CANBK.NS", "EXIDEIND.NS"], "mu": [0.0010172127513214946, 0.0007268631015904248, 0.0017681889003142715, 0.0005761757493019104, 0.0012627242831513286, 0.000909718160983175], "sd": [0.018607715144753456, 0.02001222036778927, 0.023581529036164284, 0.019125333055853844, 0.021128343418240547, 0.01850995421409607], "best_val": 0.0005488168390002102, "best_epoch": 33, "edge_index": [[0, 0, 0, 0, 0, 1, 1, 1, 1, 1, 2, 2, 2, 2, 2, 3, 3, 3, 3, 3, 4, 4, 4, 4, 4, 5, 5, 5, 5, 5], [1, 2, 3, 4, 5, 0, 2, 3, 4, 5, 0, 1, 3, 4, 5, 0, 1, 2, 4, 5, 0, 1, 2, 3, 5, 0, 1, 2, 3, 4]]}