{"target": "HDFCLIFE.NS", "group_tickers": ["HDFCLIFE.NS", "SBILIFE.NS", "ICICIPRULI.NS", "MFSL.NS", "ICICIGI.NS", "HDFCAMC.NS"], "mu": [0.00018437602557241917, 0.00048282279749400914, 7.655972149223089e-05, 0.000537229236215353, 0.0004028290859423578, 0.0010172127513214946], "sd": [0.01567487046122551, 0.014232932589948177, 0.016368545591831207, 0.017633944749832153, 0.01479777880012989, 0.018607715144753456], "best_val": 0.0002528197510400787, "best_epoch": 71, "edge_index": [[0, 0, 0, 0, 0, 1, 1, 1, 1, 1, 2, 2, 2, 2, 2, 3, 3, 3, 3, 3, 4, 4, 4, 4, 4, 5, 5, 5, 5, 5], [1, 2, 3, 4, 5, 0, 2, 3, 4, 5, 0, 1, 3, 4, 5, 0, 1, 2, 4, 5, 0, 1, 2, 3, 5, 0, 1, 2, 3, 4]]}