{"target": "HDFCBANK.NS", "group_tickers": ["HDFCBANK.NS", "ICICIBANK.NS", "KOTAKBANK.NS", "AXISBANK.NS", "SBIN.NS", "BAJAJFINSV.NS"], "mu": [0.00033831308246590197, 0.0006123905768617988, 0.0001353716797893867, 0.0005195578560233116, 0.0006951452232897282, 0.00022686015290673822], "sd": [0.012762336060404778, 0.011805814690887928, 0.013800347223877907, 0.01455396506935358, 0.014999710023403168, 0.015984397381544113], "best_val": 0.0002057235615211539, "best_epoch": 79, "edge_index": [[0, 0, 0, 0, 0, 1, 1, 1, 1, 1, 2, 2, 2, 2, 2, 3, 3, 3, 3, 3, 4, 4, 4, 4, 4, 5, 5, 5, 5, 5], [1, 2, 3, 4, 5, 0, 2, 3, 4, 5, 0, 1, 3, 4, 5, 0, 1, 2, 4, 5, 0, 1, 2, 3, 5, 0, 1, 2, 3, 4]]}