{"target": "HINDUNILVR.NS", "group_tickers": ["HINDUNILVR.NS", "DABUR.NS", "NESTLEIND.NS", "BRITANNIA.NS", "GODREJCP.NS", "MARICO.NS"], "mu": [0.00014373331214301288, -8.443357364740223e-05, 0.0003318078815937042, 0.000605473353061825, 0.0002746834943536669, 0.00045312888687476516], "sd": [0.012422769330441952, 0.01311442069709301, 0.01165077555924654, 0.012644976377487183, 0.015918586403131485, 0.014118312858045101], "best_val": 0.00021631890558637679, "best_epoch": 46, "edge_index": [[0, 0, 0, 0, 0, 1, 1, 1, 1, 1, 2, 2, 2, 2, 2, 3, 3, 3, 3, 3, 4, 4, 4, 4, 4, 5, 5, 5, 5, 5], [1, 2, 3, 4, 5, 0, 2, 3, 4, 5, 0, 1, 3, 4, 5, 0, 1, 2, 4, 5, 0, 1, 2, 3, 5, 0, 1, 2, 3, 4]]}