{"target": "ICICIPRULI.NS", "group_tickers": ["ICICIPRULI.NS", "HDFCLIFE.NS", "SBILIFE.NS", "MFSL.NS", "ICICIGI.NS", "DLF.NS"], "mu": [7.655972149223089e-05, 0.00018437602557241917, 0.00048282279749400914, 0.000537229236215353, 0.0004028290859423578, 0.0007268631015904248], "sd": [0.016368545591831207, 0.01567487046122551, 0.014232932589948177, 0.017633944749832153, 0.01479777880012989, 0.02001222036778927], "best_val": 0.00028930661210324615, "best_epoch": 78, "edge_index": [[0, 0, 0, 0, 0, 1, 1, 1, 1, 1, 2, 2, 2, 2, 2, 3, 3, 3, 3, 3, 4, 4, 4, 4, 4, 5, 5, 5, 5, 5], [1, 2, 3, 4, 5, 0, 2, 3, 4, 5, 0, 1, 3, 4, 5, 0, 1, 2, 4, 5, 0, 1, 2, 3, 5, 0, 1, 2, 3, 4]]}