{"target": "ICICIGI.NS", "group_tickers": ["ICICIGI.NS", "HDFCLIFE.NS", "SBILIFE.NS", "DLF.NS", "HDFCAMC.NS", "ICICIPRULI.NS"], "mu": [0.0004028290859423578, 0.00018437602557241917, 0.00048282279749400914, 0.0007268631015904248, 0.0010172127513214946, 7.655972149223089e-05], "sd": [0.01479777880012989, 0.01567487046122551, 0.014232932589948177, 0.02001222036778927, 0.018607715144753456, 0.016368545591831207], "best_val": 0.00026647992490325123, "best_epoch": 80, "edge_index": [[0, 0, 0, 0, 0, 1, 1, 1, 1, 1, 2, 2, 2, 2, 2, 3, 3, 3, 3, 3, 4, 4, 4, 4, 4, 5, 5, 5, 5, 5], [1, 2, 3, 4, 5, 0, 2, 3, 4, 5, 0, 1, 3, 4, 5, 0, 1, 2, 4, 5, 0, 1, 2, 3, 5, 0, 1, 2, 3, 4]]}