{"target": "IDBI.NS", "group_tickers": ["IDBI.NS", "IOB.NS", "PNB.NS", "UNIONBANK.NS", "CANBK.NS", "TATAPOWER.NS"], "mu": [0.0007704485324211419, 0.0006991398986428976, 0.0012472716625779867, 0.001391374971717596, 0.0012627242831513286, 0.0005761757493019104], "sd": [0.02565770410001278, 0.029062222689390182, 0.022040311247110367, 0.024391131475567818, 0.021128343418240547, 0.019125333055853844], "best_val": 0.0006055211852071807, "best_epoch": 38, "edge_index": [[0, 0, 0, 0, 0, 1, 1, 1, 1, 1, 2, 2, 2, 2, 2, 3, 3, 3, 3, 3, 4, 4, 4, 4, 4, 5, 5, 5, 5, 5], [1, 2, 3, 4, 5, 0, 2, 3, 4, 5, 0, 1, 3, 4, 5, 0, 1, 2, 4, 5, 0, 1, 2, 3, 5, 0, 1, 2, 3, 4]]}