{"target": "INDHOTEL.NS", "group_tickers": ["INDHOTEL.NS", "DLF.NS", "TATAPOWER.NS", "CANBK.NS", "BHEL.NS", "ASHOKLEY.NS"], "mu": [0.001389054348692298, 0.0007268631015904248, 0.0005761757493019104, 0.0012627242831513286, 0.001551022520288825, 0.000873996876180172], "sd": [0.01877065747976303, 0.02001222036778927, 0.019125333055853844, 0.021128343418240547, 0.02590871974825859, 0.01815163716673851], "best_val": 0.00048261022311635315, "best_epoch": 62, "edge_index": [[0, 0, 0, 0, 0, 1, 1, 1, 1, 1, 2, 2, 2, 2, 2, 3, 3, 3, 3, 3, 4, 4, 4, 4, 4, 5, 5, 5, 5, 5], [1, 2, 3, 4, 5, 0, 2, 3, 4, 5, 0, 1, 3, 4, 5, 0, 1, 2, 4, 5, 0, 1, 2, 3, 5, 0, 1, 2, 3, 4]]}