{"target": "INDIACEM.NS", "group_tickers": ["INDIACEM.NS", "ACC.NS", "BHEL.NS", "AMBUJACEM.NS", "TATAPOWER.NS", "GRASIM.NS"], "mu": [0.000595005345530808, -0.00017641235899645835, 0.001551022520288825, 0.000463762873550877, 0.0005761757493019104, 0.0005356369074434042], "sd": [0.02539508417248726, 0.018205227330327034, 0.02590871974825859, 0.021774500608444214, 0.019125333055853844, 0.014056016691029072], "best_val": 0.0004128512955503538, "best_epoch": 79, "edge_index": [[0, 0, 0, 0, 0, 1, 1, 1, 1, 1, 2, 2, 2, 2, 2, 3, 3, 3, 3, 3, 4, 4, 4, 4, 4, 5, 5, 5, 5, 5], [1, 2, 3, 4, 5, 0, 2, 3, 4, 5, 0, 1, 3, 4, 5, 0, 1, 2, 4, 5, 0, 1, 2, 3, 5, 0, 1, 2, 3, 4]]}