{"target": "INDIGO.NS", "group_tickers": ["INDIGO.NS", "TATAPOWER.NS", "DLF.NS", "ASHOKLEY.NS", "ULTRACEMCO.NS", "IOC.NS"], "mu": [0.0011146852048113942, 0.0005761757493019104, 0.0007268631015904248, 0.000873996876180172, 0.0005415176274254918, 0.0009527519578114152], "sd": [0.01828070729970932, 0.019125333055853844, 0.02001222036778927, 0.01815163716673851, 0.014020963571965694, 0.01709473691880703], "best_val": 0.0003465957852313295, "best_epoch": 51, "edge_index": [[0, 0, 0, 0, 0, 1, 1, 1, 1, 1, 2, 2, 2, 2, 2, 3, 3, 3, 3, 3, 4, 4, 4, 4, 4, 5, 5, 5, 5, 5], [1, 2, 3, 4, 5, 0, 2, 3, 4, 5, 0, 1, 3, 4, 5, 0, 1, 2, 4, 5, 0, 1, 2, 3, 5, 0, 1, 2, 3, 4]]}