{"target": "INDUSINDBK.NS", "group_tickers": ["INDUSINDBK.NS", "RBLBANK.NS", "CANBK.NS", "BANKBARODA.NS", "PNB.NS", "SBIN.NS"], "mu": [-0.00015487025666516274, 0.0008283128845505416, 0.0012627242831513286, 0.001234935480169952, 0.0012472716625779867, 0.0006951452232897282], "sd": [0.021756675094366074, 0.027668198570609093, 0.021128343418240547, 0.02078891545534134, 0.022040311247110367, 0.014999710023403168], "best_val": 0.00042390404269099236, "best_epoch": 56, "edge_index": [[0, 0, 0, 0, 0, 1, 1, 1, 1, 1, 2, 2, 2, 2, 2, 3, 3, 3, 3, 3, 4, 4, 4, 4, 4, 5, 5, 5, 5, 5], [1, 2, 3, 4, 5, 0, 2, 3, 4, 5, 0, 1, 3, 4, 5, 0, 1, 2, 4, 5, 0, 1, 2, 3, 5, 0, 1, 2, 3, 4]]}