{"target": "IOC.NS", "group_tickers": ["IOC.NS", "BPCL.NS", "SAIL.NS", "GAIL.NS", "PFC.NS", "BHEL.NS"], "mu": [0.0009527519578114152, 0.0008068691240623593, 0.0003793987852986902, 0.0008530704653821886, 0.0017681889003142715, 0.001551022520288825], "sd": [0.01709473691880703, 0.017459293827414513, 0.024167824536561966, 0.019630758091807365, 0.023581529036164284, 0.02590871974825859], "best_val": 0.0005019309610361233, "best_epoch": 39, "edge_index": [[0, 0, 0, 0, 0, 1, 1, 1, 1, 1, 2, 2, 2, 2, 2, 3, 3, 3, 3, 3, 4, 4, 4, 4, 4, 5, 5, 5, 5, 5], [1, 2, 3, 4, 5, 0, 2, 3, 4, 5, 0, 1, 3, 4, 5, 0, 1, 2, 4, 5, 0, 1, 2, 3, 5, 0, 1, 2, 3, 4]]}