{"target": "ITC.NS", "group_tickers": ["ITC.NS", "HINDUNILVR.NS", "BRITANNIA.NS", "JSWSTEEL.NS", "TATACONSUM.NS", "RELIANCE.NS"], "mu": [0.0008134525269269943, 0.00014373331214301288, 0.000605473353061825, 0.0006620307685807347, 0.0005344976671040058, 0.0002853740588761866], "sd": [0.011515279300510883, 0.012422769330441952, 0.012644976377487183, 0.01688303053379059, 0.014122623950242996, 0.013492664322257042], "best_val": 0.0002169711297028698, "best_epoch": 44, "edge_index": [[0, 0, 0, 0, 0, 1, 1, 1, 1, 1, 2, 2, 2, 2, 2, 3, 3, 3, 3, 3, 4, 4, 4, 4, 4, 5, 5, 5, 5, 5], [1, 2, 3, 4, 5, 0, 2, 3, 4, 5, 0, 1, 3, 4, 5, 0, 1, 2, 4, 5, 0, 1, 2, 3, 5, 0, 1, 2, 3, 4]]}