{"target": "ITDC.NS", "group_tickers": ["ITDC.NS", "BHEL.NS", "TATAPOWER.NS", "IOC.NS", "CANBK.NS", "SJVN.NS"], "mu": [0.0005347465630620718, 0.001551022520288825, 0.0005761757493019104, 0.0009527519578114152, 0.0012627242831513286, 0.0012761056423187256], "sd": [0.029994113370776176, 0.02590871974825859, 0.019125333055853844, 0.01709473691880703, 0.021128343418240547, 0.02728835679590702], "best_val": 0.0005819622165290639, "best_epoch": 21, "edge_index": [[0, 0, 0, 0, 0, 1, 1, 1, 1, 1, 2, 2, 2, 2, 2, 3, 3, 3, 3, 3, 4, 4, 4, 4, 4, 5, 5, 5, 5, 5], [1, 2, 3, 4, 5, 0, 2, 3, 4, 5, 0, 1, 3, 4, 5, 0, 1, 2, 4, 5, 0, 1, 2, 3, 5, 0, 1, 2, 3, 4]]}