{"target": "JMFINANCIL.NS", "group_tickers": ["JMFINANCIL.NS", "SAIL.NS", "DLF.NS", "NMDC.NS", "TATAPOWER.NS", "EXIDEIND.NS"], "mu": [0.0009944654302671552, 0.0003793987852986902, 0.0007268631015904248, 0.0009818903636187315, 0.0005761757493019104, 0.000909718160983175], "sd": [0.026655657216906548, 0.024167824536561966, 0.02001222036778927, 0.02131418138742447, 0.019125333055853844, 0.01850995421409607], "best_val": 0.0005369498394429684, "best_epoch": 70, "edge_index": [[0, 0, 0, 0, 0, 1, 1, 1, 1, 1, 2, 2, 2, 2, 2, 3, 3, 3, 3, 3, 4, 4, 4, 4, 4, 5, 5, 5, 5, 5], [1, 2, 3, 4, 5, 0, 2, 3, 4, 5, 0, 1, 3, 4, 5, 0, 1, 2, 4, 5, 0, 1, 2, 3, 5, 0, 1, 2, 3, 4]]}