{"target": "JSWSTEEL.NS", "group_tickers": ["JSWSTEEL.NS", "TATASTEEL.NS", "JINDALSTEL.NS", "SAIL.NS", "HINDALCO.NS", "NMDC.NS"], "mu": [0.0006620307685807347, 0.0005798442289233208, 0.0010398817248642445, 0.0003793987852986902, 0.0005308088148012757, 0.0009818903636187315], "sd": [0.01688303053379059, 0.01886938326060772, 0.02155090868473053, 0.024167824536561966, 0.019888373091816902, 0.02131418138742447], "best_val": 0.0003655882173916325, "best_epoch": 43, "edge_index": [[0, 0, 0, 0, 0, 1, 1, 1, 1, 1, 2, 2, 2, 2, 2, 3, 3, 3, 3, 3, 4, 4, 4, 4, 4, 5, 5, 5, 5, 5], [1, 2, 3, 4, 5, 0, 2, 3, 4, 5, 0, 1, 3, 4, 5, 0, 1, 2, 4, 5, 0, 1, 2, 3, 5, 0, 1, 2, 3, 4]]}