{"target": "JYOTHYLAB.NS", "group_tickers": ["JYOTHYLAB.NS", "GODREJCP.NS", "COLPAL.NS", "DABUR.NS", "SJVN.NS", "TATAPOWER.NS"], "mu": [0.0009306751890107989, 0.0002746834943536669, 0.0005518547259271145, -8.443357364740223e-05, 0.0012761056423187256, 0.0005761757493019104], "sd": [0.020650209859013557, 0.015918586403131485, 0.013480987399816513, 0.01311442069709301, 0.02728835679590702, 0.019125333055853844], "best_val": 0.0004142407706240192, "best_epoch": 53, "edge_index": [[0, 0, 0, 0, 0, 1, 1, 1, 1, 1, 2, 2, 2, 2, 2, 3, 3, 3, 3, 3, 4, 4, 4, 4, 4, 5, 5, 5, 5, 5], [1, 2, 3, 4, 5, 0, 2, 3, 4, 5, 0, 1, 3, 4, 5, 0, 1, 2, 4, 5, 0, 1, 2, 3, 5, 0, 1, 2, 3, 4]]}