{"target": "KAJARIACER.NS", "group_tickers": ["KAJARIACER.NS", "SRF.NS", "DLF.NS", "HAVELLS.NS", "DEEPAKNTR.NS", "JKCEMENT.NS"], "mu": [-6.944491906324401e-05, 0.0002119074488291517, 0.0007268631015904248, 0.0001886742393253371, -0.00033113890094682574, 0.0006686404231004417], "sd": [0.018173381686210632, 0.01711324043571949, 0.02001222036778927, 0.015230151824653149, 0.019541271030902863, 0.01771443337202072], "best_val": 0.00035711641248781234, "best_epoch": 68, "edge_index": [[0, 0, 0, 0, 0, 1, 1, 1, 1, 1, 2, 2, 2, 2, 2, 3, 3, 3, 3, 3, 4, 4, 4, 4, 4, 5, 5, 5, 5, 5], [1, 2, 3, 4, 5, 0, 2, 3, 4, 5, 0, 1, 3, 4, 5, 0, 1, 2, 4, 5, 0, 1, 2, 3, 5, 0, 1, 2, 3, 4]]}