{"target": "KANSAINER.NS", "group_tickers": ["KANSAINER.NS", "DEEPAKNTR.NS", "ASIANPAINT.NS", "TATAPOWER.NS", "JKCEMENT.NS", "PIDILITIND.NS"], "mu": [-0.0004206217417959124, -0.00033113890094682574, -0.00028005390777252614, 0.0005761757493019104, 0.0006686404231004417, 0.00017727904196362942], "sd": [0.015629321336746216, 0.019541271030902863, 0.013163118623197079, 0.019125333055853844, 0.01771443337202072, 0.012689011171460152], "best_val": 0.00031669858435634524, "best_epoch": 62, "edge_index": [[0, 0, 0, 0, 0, 1, 1, 1, 1, 1, 2, 2, 2, 2, 2, 3, 3, 3, 3, 3, 4, 4, 4, 4, 4, 5, 5, 5, 5, 5], [1, 2, 3, 4, 5, 0, 2, 3, 4, 5, 0, 1, 3, 4, 5, 0, 1, 2, 4, 5, 0, 1, 2, 3, 5, 0, 1, 2, 3, 4]]}