{"target": "KARURVYSYA.NS", "group_tickers": ["KARURVYSYA.NS", "PNB.NS", "CANBK.NS", "BANKBARODA.NS", "UNIONBANK.NS", "IDBI.NS"], "mu": [0.001950116129592061, 0.0012472716625779867, 0.0012627242831513286, 0.001234935480169952, 0.001391374971717596, 0.0007704485324211419], "sd": [0.021651891991496086, 0.022040311247110367, 0.021128343418240547, 0.02078891545534134, 0.024391131475567818, 0.02565770410001278], "best_val": 0.00049617062904872, "best_epoch": 80, "edge_index": [[0, 0, 0, 0, 0, 1, 1, 1, 1, 1, 2, 2, 2, 2, 2, 3, 3, 3, 3, 3, 4, 4, 4, 4, 4, 5, 5, 5, 5, 5], [1, 2, 3, 4, 5, 0, 2, 3, 4, 5, 0, 1, 3, 4, 5, 0, 1, 2, 4, 5, 0, 1, 2, 3, 5, 0, 1, 2, 3, 4]]}