{"target": "KEC.NS", "group_tickers": ["KEC.NS", "TATAPOWER.NS", "PFC.NS", "DLF.NS", "BHEL.NS", "LT.NS"], "mu": [0.0005872849142178893, 0.0005761757493019104, 0.0017681889003142715, 0.0007268631015904248, 0.001551022520288825, 0.0007831299444660544], "sd": [0.02381351962685585, 0.019125333055853844, 0.023581529036164284, 0.02001222036778927, 0.02590871974825859, 0.014877852983772755], "best_val": 0.0005536135577131063, "best_epoch": 46, "edge_index": [[0, 0, 0, 0, 0, 1, 1, 1, 1, 1, 2, 2, 2, 2, 2, 3, 3, 3, 3, 3, 4, 4, 4, 4, 4, 5, 5, 5, 5, 5], [1, 2, 3, 4, 5, 0, 2, 3, 4, 5, 0, 1, 3, 4, 5, 0, 1, 2, 4, 5, 0, 1, 2, 3, 5, 0, 1, 2, 3, 4]]}