{"target": "KOTAKBANK.NS", "group_tickers": ["KOTAKBANK.NS", "ICICIBANK.NS", "HDFCBANK.NS", "AXISBANK.NS", "SBIN.NS", "DLF.NS"], "mu": [0.0001353716797893867, 0.0006123905768617988, 0.00033831308246590197, 0.0005195578560233116, 0.0006951452232897282, 0.0007268631015904248], "sd": [0.013800347223877907, 0.011805814690887928, 0.012762336060404778, 0.01455396506935358, 0.014999710023403168, 0.02001222036778927], "best_val": 0.00023913756740512326, "best_epoch": 72, "edge_index": [[0, 0, 0, 0, 0, 1, 1, 1, 1, 1, 2, 2, 2, 2, 2, 3, 3, 3, 3, 3, 4, 4, 4, 4, 4, 5, 5, 5, 5, 5], [1, 2, 3, 4, 5, 0, 2, 3, 4, 5, 0, 1, 3, 4, 5, 0, 1, 2, 4, 5, 0, 1, 2, 3, 5, 0, 1, 2, 3, 4]]}