{"target": "LICI.NS", "group_tickers": ["LICI.NS", "IOC.NS", "PFC.NS", "ADANIPORTS.NS", "BEL.NS", "CANBK.NS"], "mu": [6.201123323990032e-05, 0.0009527519578114152, 0.0017681889003142715, 0.0007473277510143816, 0.0019869357347488403, 0.0012627242831513286], "sd": [0.01725403405725956, 0.01709473691880703, 0.023581529036164284, 0.024160919710993767, 0.01994970627129078, 0.021128343418240547], "best_val": 0.0004784064076375216, "best_epoch": 53, "edge_index": [[0, 0, 0, 0, 0, 1, 1, 1, 1, 1, 2, 2, 2, 2, 2, 3, 3, 3, 3, 3, 4, 4, 4, 4, 4, 5, 5, 5, 5, 5], [1, 2, 3, 4, 5, 0, 2, 3, 4, 5, 0, 1, 3, 4, 5, 0, 1, 2, 4, 5, 0, 1, 2, 3, 5, 0, 1, 2, 3, 4]]}