{"target": "LT.NS", "group_tickers": ["LT.NS", "DLF.NS", "PFC.NS", "BEL.NS", "SBIN.NS", "TATAPOWER.NS"], "mu": [0.0007831299444660544, 0.0007268631015904248, 0.0017681889003142715, 0.0019869357347488403, 0.0006951452232897282, 0.0005761757493019104], "sd": [0.014877852983772755, 0.02001222036778927, 0.023581529036164284, 0.01994970627129078, 0.014999710023403168, 0.019125333055853844], "best_val": 0.00041662210423965007, "best_epoch": 75, "edge_index": [[0, 0, 0, 0, 0, 1, 1, 1, 1, 1, 2, 2, 2, 2, 2, 3, 3, 3, 3, 3, 4, 4, 4, 4, 4, 5, 5, 5, 5, 5], [1, 2, 3, 4, 5, 0, 2, 3, 4, 5, 0, 1, 3, 4, 5, 0, 1, 2, 4, 5, 0, 1, 2, 3, 5, 0, 1, 2, 3, 4]]}