{"target": "LUPIN.NS", "group_tickers": ["LUPIN.NS", "ZYDUSLIFE.NS", "SUNPHARMA.NS", "AUROPHARMA.NS", "CIPLA.NS", "DIVISLAB.NS"], "mu": [0.0008565556490793824, 0.0009402005816809833, 0.0007772197714075446, 0.0005666007637046278, 0.0005869563901796937, 0.0004539910005405545], "sd": [0.01682974584400654, 0.01542164757847786, 0.011986766010522842, 0.018375733867287636, 0.014015124179422855, 0.01699356734752655], "best_val": 0.0002693770657060668, "best_epoch": 79, "edge_index": [[0, 0, 0, 0, 0, 1, 1, 1, 1, 1, 2, 2, 2, 2, 2, 3, 3, 3, 3, 3, 4, 4, 4, 4, 4, 5, 5, 5, 5, 5], [1, 2, 3, 4, 5, 0, 2, 3, 4, 5, 0, 1, 3, 4, 5, 0, 1, 2, 4, 5, 0, 1, 2, 3, 5, 0, 1, 2, 3, 4]]}