{"target": "MARICO.NS", "group_tickers": ["MARICO.NS", "DABUR.NS", "HINDUNILVR.NS", "GODREJCP.NS", "COLPAL.NS", "TATACONSUM.NS"], "mu": [0.00045312888687476516, -8.443357364740223e-05, 0.00014373331214301288, 0.0002746834943536669, 0.0005518547259271145, 0.0005344976671040058], "sd": [0.014118312858045101, 0.01311442069709301, 0.012422769330441952, 0.015918586403131485, 0.013480987399816513, 0.014122623950242996], "best_val": 0.000303462817100808, "best_epoch": 22, "edge_index": [[0, 0, 0, 0, 0, 1, 1, 1, 1, 1, 2, 2, 2, 2, 2, 3, 3, 3, 3, 3, 4, 4, 4, 4, 4, 5, 5, 5, 5, 5], [1, 2, 3, 4, 5, 0, 2, 3, 4, 5, 0, 1, 3, 4, 5, 0, 1, 2, 4, 5, 0, 1, 2, 3, 5, 0, 1, 2, 3, 4]]}