{"target": "MFSL.NS", "group_tickers": ["MFSL.NS", "HDFCLIFE.NS", "SBILIFE.NS", "ICICIPRULI.NS", "DLF.NS", "TATAPOWER.NS"], "mu": [0.000537229236215353, 0.00018437602557241917, 0.00048282279749400914, 7.655972149223089e-05, 0.0007268631015904248, 0.0005761757493019104], "sd": [0.017633944749832153, 0.01567487046122551, 0.014232932589948177, 0.016368545591831207, 0.02001222036778927, 0.019125333055853844], "best_val": 0.0002956491953227669, "best_epoch": 53, "edge_index": [[0, 0, 0, 0, 0, 1, 1, 1, 1, 1, 2, 2, 2, 2, 2, 3, 3, 3, 3, 3, 4, 4, 4, 4, 4, 5, 5, 5, 5, 5], [1, 2, 3, 4, 5, 0, 2, 3, 4, 5, 0, 1, 3, 4, 5, 0, 1, 2, 4, 5, 0, 1, 2, 3, 5, 0, 1, 2, 3, 4]]}