{"target": "MOTHERSON.NS", "group_tickers": ["MOTHERSON.NS", "BHARATFORG.NS", "TATAPOWER.NS", "BOSCHLTD.NS", "DLF.NS", "EXIDEIND.NS"], "mu": [0.00039877049857750535, 0.0006184206577017903, 0.0005761757493019104, 0.0009524492197670043, 0.0007268631015904248, 0.000909718160983175], "sd": [0.021264633163809776, 0.019001830369234085, 0.019125333055853844, 0.014596894383430481, 0.02001222036778927, 0.01850995421409607], "best_val": 0.00040385080501437187, "best_epoch": 77, "edge_index": [[0, 0, 0, 0, 0, 1, 1, 1, 1, 1, 2, 2, 2, 2, 2, 3, 3, 3, 3, 3, 4, 4, 4, 4, 4, 5, 5, 5, 5, 5], [1, 2, 3, 4, 5, 0, 2, 3, 4, 5, 0, 1, 3, 4, 5, 0, 1, 2, 4, 5, 0, 1, 2, 3, 5, 0, 1, 2, 3, 4]]}