{"target": "MRF.NS", "group_tickers": ["MRF.NS", "TATAPOWER.NS", "DLF.NS", "ASHOKLEY.NS", "INDHOTEL.NS", "CEATLTD.NS"], "mu": [0.0008374117314815521, 0.0005761757493019104, 0.0007268631015904248, 0.000873996876180172, 0.001389054348692298, 0.0013622863916680217], "sd": [0.013925333507359028, 0.019125333055853844, 0.02001222036778927, 0.01815163716673851, 0.01877065747976303, 0.023037374019622803], "best_val": 0.0003822089493041858, "best_epoch": 54, "edge_index": [[0, 0, 0, 0, 0, 1, 1, 1, 1, 1, 2, 2, 2, 2, 2, 3, 3, 3, 3, 3, 4, 4, 4, 4, 4, 5, 5, 5, 5, 5], [1, 2, 3, 4, 5, 0, 2, 3, 4, 5, 0, 1, 3, 4, 5, 0, 1, 2, 4, 5, 0, 1, 2, 3, 5, 0, 1, 2, 3, 4]]}