{"target": "MUTHOOTFIN.NS", "group_tickers": ["MUTHOOTFIN.NS", "PFC.NS", "DLF.NS", "PNB.NS", "TATAPOWER.NS", "CHOLAFIN.NS"], "mu": [0.000910359260160476, 0.0017681889003142715, 0.0007268631015904248, 0.0012472716625779867, 0.0005761757493019104, 0.001089350669644773], "sd": [0.017603522166609764, 0.023581529036164284, 0.02001222036778927, 0.022040311247110367, 0.019125333055853844, 0.01991853676736355], "best_val": 0.00048368863645009696, "best_epoch": 26, "edge_index": [[0, 0, 0, 0, 0, 1, 1, 1, 1, 1, 2, 2, 2, 2, 2, 3, 3, 3, 3, 3, 4, 4, 4, 4, 4, 5, 5, 5, 5, 5], [1, 2, 3, 4, 5, 0, 2, 3, 4, 5, 0, 1, 3, 4, 5, 0, 1, 2, 4, 5, 0, 1, 2, 3, 5, 0, 1, 2, 3, 4]]}