{"target": "NESTLEIND.NS", "group_tickers": ["NESTLEIND.NS", "HINDUNILVR.NS", "BRITANNIA.NS", "COLPAL.NS", "TATACONSUM.NS", "DABUR.NS"], "mu": [0.0003318078815937042, 0.00014373331214301288, 0.000605473353061825, 0.0005518547259271145, 0.0005344976671040058, -8.443357364740223e-05], "sd": [0.01165077555924654, 0.012422769330441952, 0.012644976377487183, 0.013480987399816513, 0.014122623950242996, 0.01311442069709301], "best_val": 0.00024405938165728003, "best_epoch": 76, "edge_index": [[0, 0, 0, 0, 0, 1, 1, 1, 1, 1, 2, 2, 2, 2, 2, 3, 3, 3, 3, 3, 4, 4, 4, 4, 4, 5, 5, 5, 5, 5], [1, 2, 3, 4, 5, 0, 2, 3, 4, 5, 0, 1, 3, 4, 5, 0, 1, 2, 4, 5, 0, 1, 2, 3, 5, 0, 1, 2, 3, 4]]}