{"target": "NHPC.NS", "group_tickers": ["NHPC.NS", "SJVN.NS", "TATAPOWER.NS", "COALINDIA.NS", "BHEL.NS", "SAIL.NS"], "mu": [0.0012677601771429181, 0.0012761056423187256, 0.0005761757493019104, 0.0012683072127401829, 0.001551022520288825, 0.0003793987852986902], "sd": [0.02173195220530033, 0.02728835679590702, 0.019125333055853844, 0.017694825306534767, 0.02590871974825859, 0.024167824536561966], "best_val": 0.0004967635322827846, "best_epoch": 52, "edge_index": [[0, 0, 0, 0, 0, 1, 1, 1, 1, 1, 2, 2, 2, 2, 2, 3, 3, 3, 3, 3, 4, 4, 4, 4, 4, 5, 5, 5, 5, 5], [1, 2, 3, 4, 5, 0, 2, 3, 4, 5, 0, 1, 3, 4, 5, 0, 1, 2, 4, 5, 0, 1, 2, 3, 5, 0, 1, 2, 3, 4]]}