{"target": "NLCINDIA.NS", "group_tickers": ["NLCINDIA.NS", "BHEL.NS", "TATAPOWER.NS", "COALINDIA.NS", "NHPC.NS", "SAIL.NS"], "mu": [0.0016014531720429659, 0.001551022520288825, 0.0005761757493019104, 0.0012683072127401829, 0.0012677601771429181, 0.0003793987852986902], "sd": [0.02803626097738743, 0.02590871974825859, 0.019125333055853844, 0.017694825306534767, 0.02173195220530033, 0.024167824536561966], "best_val": 0.0005146449839230627, "best_epoch": 57, "edge_index": [[0, 0, 0, 0, 0, 1, 1, 1, 1, 1, 2, 2, 2, 2, 2, 3, 3, 3, 3, 3, 4, 4, 4, 4, 4, 5, 5, 5, 5, 5], [1, 2, 3, 4, 5, 0, 2, 3, 4, 5, 0, 1, 3, 4, 5, 0, 1, 2, 4, 5, 0, 1, 2, 3, 5, 0, 1, 2, 3, 4]]}