{"target": "NMDC.NS", "group_tickers": ["NMDC.NS", "SAIL.NS", "TATASTEEL.NS", "JINDALSTEL.NS", "VEDL.NS", "JSWSTEEL.NS"], "mu": [0.0009818903636187315, 0.0003793987852986902, 0.0005798442289233208, 0.0010398817248642445, 0.0010658648097887635, 0.0006620307685807347], "sd": [0.02131418138742447, 0.024167824536561966, 0.01886938326060772, 0.02155090868473053, 0.02191479690372944, 0.01688303053379059], "best_val": 0.0003701812383951619, "best_epoch": 57, "edge_index": [[0, 0, 0, 0, 0, 1, 1, 1, 1, 1, 2, 2, 2, 2, 2, 3, 3, 3, 3, 3, 4, 4, 4, 4, 4, 5, 5, 5, 5, 5], [1, 2, 3, 4, 5, 0, 2, 3, 4, 5, 0, 1, 3, 4, 5, 0, 1, 2, 4, 5, 0, 1, 2, 3, 5, 0, 1, 2, 3, 4]]}