{"target": "NTPC.NS", "group_tickers": ["NTPC.NS", "POWERGRID.NS", "TATAPOWER.NS", "GAIL.NS", "PFC.NS", "COALINDIA.NS"], "mu": [0.00113509816583246, 0.0008339016931131482, 0.0005761757493019104, 0.0008530704653821886, 0.0017681889003142715, 0.0012683072127401829], "sd": [0.01584269478917122, 0.01589580811560154, 0.019125333055853844, 0.019630758091807365, 0.023581529036164284, 0.017694825306534767], "best_val": 0.00037658330984413624, "best_epoch": 68, "edge_index": [[0, 0, 0, 0, 0, 1, 1, 1, 1, 1, 2, 2, 2, 2, 2, 3, 3, 3, 3, 3, 4, 4, 4, 4, 4, 5, 5, 5, 5, 5], [1, 2, 3, 4, 5, 0, 2, 3, 4, 5, 0, 1, 3, 4, 5, 0, 1, 2, 4, 5, 0, 1, 2, 3, 5, 0, 1, 2, 3, 4]]}