{"target": "OIL.NS", "group_tickers": ["OIL.NS", "ONGC.NS", "COALINDIA.NS", "GAIL.NS", "IOC.NS", "NMDC.NS"], "mu": [0.0013460590271279216, 0.0006892620585858822, 0.0012683072127401829, 0.0008530704653821886, 0.0009527519578114152, 0.0009818903636187315], "sd": [0.025041621178388596, 0.01933356560766697, 0.017694825306534767, 0.019630758091807365, 0.01709473691880703, 0.02131418138742447], "best_val": 0.00043964218639303, "best_epoch": 30, "edge_index": [[0, 0, 0, 0, 0, 1, 1, 1, 1, 1, 2, 2, 2, 2, 2, 3, 3, 3, 3, 3, 4, 4, 4, 4, 4, 5, 5, 5, 5, 5], [1, 2, 3, 4, 5, 0, 2, 3, 4, 5, 0, 1, 3, 4, 5, 0, 1, 2, 4, 5, 0, 1, 2, 3, 5, 0, 1, 2, 3, 4]]}