{"target": "ONGC.NS", "group_tickers": ["ONGC.NS", "OIL.NS", "GAIL.NS", "COALINDIA.NS", "NTPC.NS", "SAIL.NS"], "mu": [0.0006892620585858822, 0.0013460590271279216, 0.0008530704653821886, 0.0012683072127401829, 0.00113509816583246, 0.0003793987852986902], "sd": [0.01933356560766697, 0.025041621178388596, 0.019630758091807365, 0.017694825306534767, 0.01584269478917122, 0.024167824536561966], "best_val": 0.0004901737120235339, "best_epoch": 39, "edge_index": [[0, 0, 0, 0, 0, 1, 1, 1, 1, 1, 2, 2, 2, 2, 2, 3, 3, 3, 3, 3, 4, 4, 4, 4, 4, 5, 5, 5, 5, 5], [1, 2, 3, 4, 5, 0, 2, 3, 4, 5, 0, 1, 3, 4, 5, 0, 1, 2, 4, 5, 0, 1, 2, 3, 5, 0, 1, 2, 3, 4]]}