{"target": "PATANJALI.NS", "group_tickers": ["PATANJALI.NS", "ADANIPORTS.NS", "ACC.NS", "SAIL.NS", "AMBUJACEM.NS", "BEL.NS"], "mu": [0.0008041531546041369, 0.0007473277510143816, -0.00017641235899645835, 0.0003793987852986902, 0.000463762873550877, 0.0019869357347488403], "sd": [0.02435666136443615, 0.024160919710993767, 0.018205227330327034, 0.024167824536561966, 0.021774500608444214, 0.01994970627129078], "best_val": 0.00044597205123864114, "best_epoch": 36, "edge_index": [[0, 0, 0, 0, 0, 1, 1, 1, 1, 1, 2, 2, 2, 2, 2, 3, 3, 3, 3, 3, 4, 4, 4, 4, 4, 5, 5, 5, 5, 5], [1, 2, 3, 4, 5, 0, 2, 3, 4, 5, 0, 1, 3, 4, 5, 0, 1, 2, 4, 5, 0, 1, 2, 3, 5, 0, 1, 2, 3, 4]]}