{"target": "PFC.NS", "group_tickers": ["PFC.NS", "BHEL.NS", "CANBK.NS", "NTPC.NS", "SBIN.NS", "PNB.NS"], "mu": [0.0017681889003142715, 0.001551022520288825, 0.0012627242831513286, 0.00113509816583246, 0.0006951452232897282, 0.0012472716625779867], "sd": [0.023581529036164284, 0.02590871974825859, 0.021128343418240547, 0.01584269478917122, 0.014999710023403168, 0.022040311247110367], "best_val": 0.0004616584919858724, "best_epoch": 56, "edge_index": [[0, 0, 0, 0, 0, 1, 1, 1, 1, 1, 2, 2, 2, 2, 2, 3, 3, 3, 3, 3, 4, 4, 4, 4, 4, 5, 5, 5, 5, 5], [1, 2, 3, 4, 5, 0, 2, 3, 4, 5, 0, 1, 3, 4, 5, 0, 1, 2, 4, 5, 0, 1, 2, 3, 5, 0, 1, 2, 3, 4]]}