{"target": "PFIZER.NS", "group_tickers": ["PFIZER.NS", "ZYDUSLIFE.NS", "DLF.NS", "DIVISLAB.NS", "LUPIN.NS", "MRF.NS"], "mu": [0.00017428216233383864, 0.0009402005816809833, 0.0007268631015904248, 0.0004539910005405545, 0.0008565556490793824, 0.0008374117314815521], "sd": [0.013988714665174484, 0.01542164757847786, 0.02001222036778927, 0.01699356734752655, 0.01682974584400654, 0.013925333507359028], "best_val": 0.00033411481126677245, "best_epoch": 61, "edge_index": [[0, 0, 0, 0, 0, 1, 1, 1, 1, 1, 2, 2, 2, 2, 2, 3, 3, 3, 3, 3, 4, 4, 4, 4, 4, 5, 5, 5, 5, 5], [1, 2, 3, 4, 5, 0, 2, 3, 4, 5, 0, 1, 3, 4, 5, 0, 1, 2, 4, 5, 0, 1, 2, 3, 5, 0, 1, 2, 3, 4]]}