{"target": "PIDILITIND.NS", "group_tickers": ["PIDILITIND.NS", "ASIANPAINT.NS", "HINDUNILVR.NS", "GRASIM.NS", "SRF.NS", "TITAN.NS"], "mu": [0.00017727904196362942, -0.00028005390777252614, 0.00014373331214301288, 0.0005356369074434042, 0.0002119074488291517, 0.00042044135625474155], "sd": [0.012689011171460152, 0.013163118623197079, 0.012422769330441952, 0.014056016691029072, 0.01711324043571949, 0.014121057465672493], "best_val": 0.0002441761243971996, "best_epoch": 57, "edge_index": [[0, 0, 0, 0, 0, 1, 1, 1, 1, 1, 2, 2, 2, 2, 2, 3, 3, 3, 3, 3, 4, 4, 4, 4, 4, 5, 5, 5, 5, 5], [1, 2, 3, 4, 5, 0, 2, 3, 4, 5, 0, 1, 3, 4, 5, 0, 1, 2, 4, 5, 0, 1, 2, 3, 5, 0, 1, 2, 3, 4]]}