{"target": "PNB.NS", "group_tickers": ["PNB.NS", "CANBK.NS", "BANKBARODA.NS", "UNIONBANK.NS", "SBIN.NS", "IOB.NS"], "mu": [0.0012472716625779867, 0.0012627242831513286, 0.001234935480169952, 0.001391374971717596, 0.0006951452232897282, 0.0006991398986428976], "sd": [0.022040311247110367, 0.021128343418240547, 0.02078891545534134, 0.024391131475567818, 0.014999710023403168, 0.029062222689390182], "best_val": 0.0005492585623869672, "best_epoch": 42, "edge_index": [[0, 0, 0, 0, 0, 1, 1, 1, 1, 1, 2, 2, 2, 2, 2, 3, 3, 3, 3, 3, 4, 4, 4, 4, 4, 5, 5, 5, 5, 5], [1, 2, 3, 4, 5, 0, 2, 3, 4, 5, 0, 1, 3, 4, 5, 0, 1, 2, 4, 5, 0, 1, 2, 3, 5, 0, 1, 2, 3, 4]]}