{"target": "POLYCAB.NS", "group_tickers": ["POLYCAB.NS", "BHEL.NS", "HAVELLS.NS", "SIEMENS.NS", "TATAPOWER.NS", "SAIL.NS"], "mu": [0.001219743164256215, 0.001551022520288825, 0.0001886742393253371, 0.000897840247489512, 0.0005761757493019104, 0.0003793987852986902], "sd": [0.021300818771123886, 0.02590871974825859, 0.015230151824653149, 0.018371939659118652, 0.019125333055853844, 0.024167824536561966], "best_val": 0.0005471588956424966, "best_epoch": 28, "edge_index": [[0, 0, 0, 0, 0, 1, 1, 1, 1, 1, 2, 2, 2, 2, 2, 3, 3, 3, 3, 3, 4, 4, 4, 4, 4, 5, 5, 5, 5, 5], [1, 2, 3, 4, 5, 0, 2, 3, 4, 5, 0, 1, 3, 4, 5, 0, 1, 2, 4, 5, 0, 1, 2, 3, 5, 0, 1, 2, 3, 4]]}