{"target": "POWERGRID.NS", "group_tickers": ["POWERGRID.NS", "NTPC.NS", "TATAPOWER.NS", "PFC.NS", "GAIL.NS", "IOC.NS"], "mu": [0.0008339016931131482, 0.00113509816583246, 0.0005761757493019104, 0.0017681889003142715, 0.0008530704653821886, 0.0009527519578114152], "sd": [0.01589580811560154, 0.01584269478917122, 0.019125333055853844, 0.023581529036164284, 0.019630758091807365, 0.01709473691880703], "best_val": 0.00041394495929125696, "best_epoch": 73, "edge_index": [[0, 0, 0, 0, 0, 1, 1, 1, 1, 1, 2, 2, 2, 2, 2, 3, 3, 3, 3, 3, 4, 4, 4, 4, 4, 5, 5, 5, 5, 5], [1, 2, 3, 4, 5, 0, 2, 3, 4, 5, 0, 1, 3, 4, 5, 0, 1, 2, 4, 5, 0, 1, 2, 3, 5, 0, 1, 2, 3, 4]]}