{"target": "RADICO.NS", "group_tickers": ["RADICO.NS", "DLF.NS", "TATAPOWER.NS", "RBLBANK.NS", "CANBK.NS", "PNB.NS"], "mu": [0.0011257871519774199, 0.0007268631015904248, 0.0005761757493019104, 0.0008283128845505416, 0.0012627242831513286, 0.0012472716625779867], "sd": [0.02011716552078724, 0.02001222036778927, 0.019125333055853844, 0.027668198570609093, 0.021128343418240547, 0.022040311247110367], "best_val": 0.0005173721583560109, "best_epoch": 80, "edge_index": [[0, 0, 0, 0, 0, 1, 1, 1, 1, 1, 2, 2, 2, 2, 2, 3, 3, 3, 3, 3, 4, 4, 4, 4, 4, 5, 5, 5, 5, 5], [1, 2, 3, 4, 5, 0, 2, 3, 4, 5, 0, 1, 3, 4, 5, 0, 1, 2, 4, 5, 0, 1, 2, 3, 5, 0, 1, 2, 3, 4]]}