{"target": "RAJESHEXPO.NS", "group_tickers": ["RAJESHEXPO.NS", "SAIL.NS", "TATASTEEL.NS", "EXIDEIND.NS", "CANBK.NS", "IOB.NS"], "mu": [-0.001661862013861537, 0.0003793987852986902, 0.0005798442289233208, 0.000909718160983175, 0.0012627242831513286, 0.0006991398986428976], "sd": [0.024829627946019173, 0.024167824536561966, 0.01886938326060772, 0.01850995421409607, 0.021128343418240547, 0.029062222689390182], "best_val": 0.0006328363670036197, "best_epoch": 30, "edge_index": [[0, 0, 0, 0, 0, 1, 1, 1, 1, 1, 2, 2, 2, 2, 2, 3, 3, 3, 3, 3, 4, 4, 4, 4, 4, 5, 5, 5, 5, 5], [1, 2, 3, 4, 5, 0, 2, 3, 4, 5, 0, 1, 3, 4, 5, 0, 1, 2, 4, 5, 0, 1, 2, 3, 5, 0, 1, 2, 3, 4]]}