{"target": "RBLBANK.NS", "group_tickers": ["RBLBANK.NS", "CANBK.NS", "PNB.NS", "BANKBARODA.NS", "FEDERALBNK.NS", "TATAPOWER.NS"], "mu": [0.0008283128845505416, 0.0012627242831513286, 0.0012472716625779867, 0.001234935480169952, 0.0009296870557591319, 0.0005761757493019104], "sd": [0.027668198570609093, 0.021128343418240547, 0.022040311247110367, 0.02078891545534134, 0.016619054600596428, 0.019125333055853844], "best_val": 0.0004120659868931398, "best_epoch": 80, "edge_index": [[0, 0, 0, 0, 0, 1, 1, 1, 1, 1, 2, 2, 2, 2, 2, 3, 3, 3, 3, 3, 4, 4, 4, 4, 4, 5, 5, 5, 5, 5], [1, 2, 3, 4, 5, 0, 2, 3, 4, 5, 0, 1, 3, 4, 5, 0, 1, 2, 4, 5, 0, 1, 2, 3, 5, 0, 1, 2, 3, 4]]}