{"target": "RELIANCE.NS", "group_tickers": ["RELIANCE.NS", "SBIN.NS", "DLF.NS", "LT.NS", "CANBK.NS", "COALINDIA.NS"], "mu": [0.0002853740588761866, 0.0006951452232897282, 0.0007268631015904248, 0.0007831299444660544, 0.0012627242831513286, 0.0012683072127401829], "sd": [0.013492664322257042, 0.014999710023403168, 0.02001222036778927, 0.014877852983772755, 0.021128343418240547, 0.017694825306534767], "best_val": 0.0003077675064560026, "best_epoch": 67, "edge_index": [[0, 0, 0, 0, 0, 1, 1, 1, 1, 1, 2, 2, 2, 2, 2, 3, 3, 3, 3, 3, 4, 4, 4, 4, 4, 5, 5, 5, 5, 5], [1, 2, 3, 4, 5, 0, 2, 3, 4, 5, 0, 1, 3, 4, 5, 0, 1, 2, 4, 5, 0, 1, 2, 3, 5, 0, 1, 2, 3, 4]]}