{"target": "RVNL.NS", "group_tickers": ["RVNL.NS", "IRCON.NS", "IRFC.NS", "SJVN.NS", "BHEL.NS", "BEL.NS"], "mu": [0.0025026320945471525, 0.0015340555692091584, 0.0019160653464496136, 0.0012761056423187256, 0.001551022520288825, 0.0019869357347488403], "sd": [0.03208988159894943, 0.03016442432999611, 0.027215303853154182, 0.02728835679590702, 0.02590871974825859, 0.01994970627129078], "best_val": 0.0008794614695943892, "best_epoch": 36, "edge_index": [[0, 0, 0, 0, 0, 1, 1, 1, 1, 1, 2, 2, 2, 2, 2, 3, 3, 3, 3, 3, 4, 4, 4, 4, 4, 5, 5, 5, 5, 5], [1, 2, 3, 4, 5, 0, 2, 3, 4, 5, 0, 1, 3, 4, 5, 0, 1, 2, 4, 5, 0, 1, 2, 3, 5, 0, 1, 2, 3, 4]]}