{"target": "SBICARD.NS", "group_tickers": ["SBICARD.NS", "BAJAJFINSV.NS", "DLF.NS", "CHOLAFIN.NS", "AXISBANK.NS", "RBLBANK.NS"], "mu": [4.080383951077238e-05, 0.00022686015290673822, 0.0007268631015904248, 0.001089350669644773, 0.0005195578560233116, 0.0008283128845505416], "sd": [0.015392638742923737, 0.015984397381544113, 0.02001222036778927, 0.01991853676736355, 0.01455396506935358, 0.027668198570609093], "best_val": 0.0003972784033976495, "best_epoch": 79, "edge_index": [[0, 0, 0, 0, 0, 1, 1, 1, 1, 1, 2, 2, 2, 2, 2, 3, 3, 3, 3, 3, 4, 4, 4, 4, 4, 5, 5, 5, 5, 5], [1, 2, 3, 4, 5, 0, 2, 3, 4, 5, 0, 1, 3, 4, 5, 0, 1, 2, 4, 5, 0, 1, 2, 3, 5, 0, 1, 2, 3, 4]]}