{"target": "SBILIFE.NS", "group_tickers": ["SBILIFE.NS", "HDFCLIFE.NS", "ICICIPRULI.NS", "MFSL.NS", "BAJAJFINSV.NS", "ICICIGI.NS"], "mu": [0.00048282279749400914, 0.00018437602557241917, 7.655972149223089e-05, 0.000537229236215353, 0.00022686015290673822, 0.0004028290859423578], "sd": [0.014232932589948177, 0.01567487046122551, 0.016368545591831207, 0.017633944749832153, 0.015984397381544113, 0.01479777880012989], "best_val": 0.00022947651450522244, "best_epoch": 65, "edge_index": [[0, 0, 0, 0, 0, 1, 1, 1, 1, 1, 2, 2, 2, 2, 2, 3, 3, 3, 3, 3, 4, 4, 4, 4, 4, 5, 5, 5, 5, 5], [1, 2, 3, 4, 5, 0, 2, 3, 4, 5, 0, 1, 3, 4, 5, 0, 1, 2, 4, 5, 0, 1, 2, 3, 5, 0, 1, 2, 3, 4]]}