{"target": "SHREECEM.NS", "group_tickers": ["SHREECEM.NS", "ULTRACEMCO.NS", "GRASIM.NS", "JKCEMENT.NS", "ACC.NS", "AMBUJACEM.NS"], "mu": [0.0001319365983363241, 0.0005415176274254918, 0.0005356369074434042, 0.0006686404231004417, -0.00017641235899645835, 0.000463762873550877], "sd": [0.015251878648996353, 0.014020963571965694, 0.014056016691029072, 0.01771443337202072, 0.018205227330327034, 0.021774500608444214], "best_val": 0.0002800922666210681, "best_epoch": 65, "edge_index": [[0, 0, 0, 0, 0, 1, 1, 1, 1, 1, 2, 2, 2, 2, 2, 3, 3, 3, 3, 3, 4, 4, 4, 4, 4, 5, 5, 5, 5, 5], [1, 2, 3, 4, 5, 0, 2, 3, 4, 5, 0, 1, 3, 4, 5, 0, 1, 2, 4, 5, 0, 1, 2, 3, 5, 0, 1, 2, 3, 4]]}