{"target": "SIEMENS.NS", "group_tickers": ["SIEMENS.NS", "HAL.NS", "BEL.NS", "BHEL.NS", "LT.NS", "PFC.NS"], "mu": [0.000897840247489512, 0.002172701293602586, 0.0019869357347488403, 0.001551022520288825, 0.0007831299444660544, 0.0017681889003142715], "sd": [0.018371939659118652, 0.021414898335933685, 0.01994970627129078, 0.02590871974825859, 0.014877852983772755, 0.023581529036164284], "best_val": 0.0005971703503746539, "best_epoch": 28, "edge_index": [[0, 0, 0, 0, 0, 1, 1, 1, 1, 1, 2, 2, 2, 2, 2, 3, 3, 3, 3, 3, 4, 4, 4, 4, 4, 5, 5, 5, 5, 5], [1, 2, 3, 4, 5, 0, 2, 3, 4, 5, 0, 1, 3, 4, 5, 0, 1, 2, 4, 5, 0, 1, 2, 3, 5, 0, 1, 2, 3, 4]]}