{"target": "SJVN.NS", "group_tickers": ["SJVN.NS", "NHPC.NS", "TATAPOWER.NS", "IRCON.NS", "RVNL.NS", "IRFC.NS"], "mu": [0.0012761056423187256, 0.0012677601771429181, 0.0005761757493019104, 0.0015340555692091584, 0.0025026320945471525, 0.0019160653464496136], "sd": [0.02728835679590702, 0.02173195220530033, 0.019125333055853844, 0.03016442432999611, 0.03208988159894943, 0.027215303853154182], "best_val": 0.0007240029226522893, "best_epoch": 35, "edge_index": [[0, 0, 0, 0, 0, 1, 1, 1, 1, 1, 2, 2, 2, 2, 2, 3, 3, 3, 3, 3, 4, 4, 4, 4, 4, 5, 5, 5, 5, 5], [1, 2, 3, 4, 5, 0, 2, 3, 4, 5, 0, 1, 3, 4, 5, 0, 1, 2, 4, 5, 0, 1, 2, 3, 5, 0, 1, 2, 3, 4]]}