{"target": "SPARC.NS", "group_tickers": ["SPARC.NS", "DLF.NS", "TATAPOWER.NS", "BHEL.NS", "SAIL.NS", "CANBK.NS"], "mu": [-0.0009340635733678937, 0.0007268631015904248, 0.0005761757493019104, 0.001551022520288825, 0.0003793987852986902, 0.0012627242831513286], "sd": [0.028392359614372253, 0.02001222036778927, 0.019125333055853844, 0.02590871974825859, 0.024167824536561966, 0.021128343418240547], "best_val": 0.0005231928516877815, "best_epoch": 70, "edge_index": [[0, 0, 0, 0, 0, 1, 1, 1, 1, 1, 2, 2, 2, 2, 2, 3, 3, 3, 3, 3, 4, 4, 4, 4, 4, 5, 5, 5, 5, 5], [1, 2, 3, 4, 5, 0, 2, 3, 4, 5, 0, 1, 3, 4, 5, 0, 1, 2, 4, 5, 0, 1, 2, 3, 5, 0, 1, 2, 3, 4]]}