{"target": "SPICEJET.NS", "group_tickers": ["SPICEJET.NS", "UNIONBANK.NS", "AMBUJACEM.NS", "YESBANK.NS", "IDBI.NS", "IOB.NS"], "mu": [-0.0002310359850525856, 0.001391374971717596, 0.000463762873550877, 0.0005316169699653983, 0.0007704485324211419, 0.0006991398986428976], "sd": [0.009103873744606972, 0.024391131475567818, 0.021774500608444214, 0.02419043332338333, 0.02565770410001278, 0.029062222689390182], "best_val": 0.0005030342726968229, "best_epoch": 65, "edge_index": [[0, 0, 0, 0, 0, 1, 1, 1, 1, 1, 2, 2, 2, 2, 2, 3, 3, 3, 3, 3, 4, 4, 4, 4, 4, 5, 5, 5, 5, 5], [1, 2, 3, 4, 5, 0, 2, 3, 4, 5, 0, 1, 3, 4, 5, 0, 1, 2, 4, 5, 0, 1, 2, 3, 5, 0, 1, 2, 3, 4]]}