{"target": "SRF.NS", "group_tickers": ["SRF.NS", "DEEPAKNTR.NS", "DLF.NS", "UPL.NS", "TATAPOWER.NS", "GRASIM.NS"], "mu": [0.0002119074488291517, -0.00033113890094682574, 0.0007268631015904248, -8.601075387559831e-05, 0.0005761757493019104, 0.0005356369074434042], "sd": [0.01711324043571949, 0.019541271030902863, 0.02001222036778927, 0.017028242349624634, 0.019125333055853844, 0.014056016691029072], "best_val": 0.00038482507807202637, "best_epoch": 51, "edge_index": [[0, 0, 0, 0, 0, 1, 1, 1, 1, 1, 2, 2, 2, 2, 2, 3, 3, 3, 3, 3, 4, 4, 4, 4, 4, 5, 5, 5, 5, 5], [1, 2, 3, 4, 5, 0, 2, 3, 4, 5, 0, 1, 3, 4, 5, 0, 1, 2, 4, 5, 0, 1, 2, 3, 5, 0, 1, 2, 3, 4]]}