{"target": "SUNTV.NS", "group_tickers": ["SUNTV.NS", "ZEEL.NS", "DLF.NS", "TATAPOWER.NS", "NMDC.NS", "BHEL.NS"], "mu": [0.00023612646327819675, -0.0010824305936694145, 0.0007268631015904248, 0.0005761757493019104, 0.0009818903636187315, 0.001551022520288825], "sd": [0.018205201253294945, 0.030076732859015465, 0.02001222036778927, 0.019125333055853844, 0.02131418138742447, 0.02590871974825859], "best_val": 0.0004821153706870973, "best_epoch": 64, "edge_index": [[0, 0, 0, 0, 0, 1, 1, 1, 1, 1, 2, 2, 2, 2, 2, 3, 3, 3, 3, 3, 4, 4, 4, 4, 4, 5, 5, 5, 5, 5], [1, 2, 3, 4, 5, 0, 2, 3, 4, 5, 0, 1, 3, 4, 5, 0, 1, 2, 4, 5, 0, 1, 2, 3, 5, 0, 1, 2, 3, 4]]}