{"target": "TATAPOWER.NS", "group_tickers": ["TATAPOWER.NS", "SAIL.NS", "BHEL.NS", "CANBK.NS", "NTPC.NS", "DLF.NS"], "mu": [0.0005761757493019104, 0.0003793987852986902, 0.001551022520288825, 0.0012627242831513286, 0.00113509816583246, 0.0007268631015904248], "sd": [0.019125333055853844, 0.024167824536561966, 0.02590871974825859, 0.021128343418240547, 0.01584269478917122, 0.02001222036778927], "best_val": 0.0004598792002070695, "best_epoch": 77, "edge_index": [[0, 0, 0, 0, 0, 1, 1, 1, 1, 1, 2, 2, 2, 2, 2, 3, 3, 3, 3, 3, 4, 4, 4, 4, 4, 5, 5, 5, 5, 5], [1, 2, 3, 4, 5, 0, 2, 3, 4, 5, 0, 1, 3, 4, 5, 0, 1, 2, 4, 5, 0, 1, 2, 3, 5, 0, 1, 2, 3, 4]]}