{"target": "TATAMOTORS.NS", "group_tickers": ["TATAMOTORS.NS", "ASHOKLEY.NS", "TATAPOWER.NS", "DLF.NS", "SAIL.NS", "TATASTEEL.NS"], "mu": [-3.7924568459857255e-05, 0.000873996876180172, 0.0005761757493019104, 0.0007268631015904248, 0.0003793987852986902, 0.0005798442289233208], "sd": [0.023296261206269264, 0.01815163716673851, 0.019125333055853844, 0.02001222036778927, 0.024167824536561966, 0.01886938326060772], "best_val": 0.00040595133032184094, "best_epoch": 66, "edge_index": [[0, 0, 0, 0, 0, 1, 1, 1, 1, 1, 2, 2, 2, 2, 2, 3, 3, 3, 3, 3, 4, 4, 4, 4, 4, 5, 5, 5, 5, 5], [1, 2, 3, 4, 5, 0, 2, 3, 4, 5, 0, 1, 3, 4, 5, 0, 1, 2, 4, 5, 0, 1, 2, 3, 5, 0, 1, 2, 3, 4]]}