{"target": "TATACOMM.NS", "group_tickers": ["TATACOMM.NS", "DLF.NS", "TATAPOWER.NS", "BEL.NS", "CANBK.NS", "SAIL.NS"], "mu": [0.0003611505380831659, 0.0007268631015904248, 0.0005761757493019104, 0.0019869357347488403, 0.0012627242831513286, 0.0003793987852986902], "sd": [0.01830120012164116, 0.02001222036778927, 0.019125333055853844, 0.01994970627129078, 0.021128343418240547, 0.024167824536561966], "best_val": 0.00047821553016547114, "best_epoch": 59, "edge_index": [[0, 0, 0, 0, 0, 1, 1, 1, 1, 1, 2, 2, 2, 2, 2, 3, 3, 3, 3, 3, 4, 4, 4, 4, 4, 5, 5, 5, 5, 5], [1, 2, 3, 4, 5, 0, 2, 3, 4, 5, 0, 1, 3, 4, 5, 0, 1, 2, 4, 5, 0, 1, 2, 3, 5, 0, 1, 2, 3, 4]]}