{"target": "THOMASCOOK.NS", "group_tickers": ["THOMASCOOK.NS", "TATAPOWER.NS", "DLF.NS", "INDHOTEL.NS", "CANBK.NS", "SAIL.NS"], "mu": [0.001004142570309341, 0.0005761757493019104, 0.0007268631015904248, 0.001389054348692298, 0.0012627242831513286, 0.0003793987852986902], "sd": [0.028016939759254456, 0.019125333055853844, 0.02001222036778927, 0.01877065747976303, 0.021128343418240547, 0.024167824536561966], "best_val": 0.0005194457480683923, "best_epoch": 45, "edge_index": [[0, 0, 0, 0, 0, 1, 1, 1, 1, 1, 2, 2, 2, 2, 2, 3, 3, 3, 3, 3, 4, 4, 4, 4, 4, 5, 5, 5, 5, 5], [1, 2, 3, 4, 5, 0, 2, 3, 4, 5, 0, 1, 3, 4, 5, 0, 1, 2, 4, 5, 0, 1, 2, 3, 5, 0, 1, 2, 3, 4]]}