{"target": "TITAN.NS", "group_tickers": ["TITAN.NS", "BAJAJFINSV.NS", "GRASIM.NS", "TATACONSUM.NS", "PIDILITIND.NS", "TVSMOTOR.NS"], "mu": [0.00042044135625474155, 0.00022686015290673822, 0.0005356369074434042, 0.0005344976671040058, 0.00017727904196362942, 0.001861819182522595], "sd": [0.014121057465672493, 0.015984397381544113, 0.014056016691029072, 0.014122623950242996, 0.012689011171460152, 0.01641778089106083], "best_val": 0.000244683469645679, "best_epoch": 57, "edge_index": [[0, 0, 0, 0, 0, 1, 1, 1, 1, 1, 2, 2, 2, 2, 2, 3, 3, 3, 3, 3, 4, 4, 4, 4, 4, 5, 5, 5, 5, 5], [1, 2, 3, 4, 5, 0, 2, 3, 4, 5, 0, 1, 3, 4, 5, 0, 1, 2, 4, 5, 0, 1, 2, 3, 5, 0, 1, 2, 3, 4]]}