{"target": "TRENT.NS", "group_tickers": ["TRENT.NS", "DLF.NS", "INDHOTEL.NS", "TATAPOWER.NS", "DEEPAKNTR.NS", "TITAN.NS"], "mu": [0.0015776498476043344, 0.0007268631015904248, 0.001389054348692298, 0.0005761757493019104, -0.00033113890094682574, 0.00042044135625474155], "sd": [0.0213484950363636, 0.02001222036778927, 0.01877065747976303, 0.019125333055853844, 0.019541271030902863, 0.014121057465672493], "best_val": 0.0004083196836290881, "best_epoch": 51, "edge_index": [[0, 0, 0, 0, 0, 1, 1, 1, 1, 1, 2, 2, 2, 2, 2, 3, 3, 3, 3, 3, 4, 4, 4, 4, 4, 5, 5, 5, 5, 5], [1, 2, 3, 4, 5, 0, 2, 3, 4, 5, 0, 1, 3, 4, 5, 0, 1, 2, 4, 5, 0, 1, 2, 3, 5, 0, 1, 2, 3, 4]]}