{"target": "TVSMOTOR.NS", "group_tickers": ["TVSMOTOR.NS", "EICHERMOT.NS", "HEROMOTOCO.NS", "M&M.NS", "MARUTI.NS", "ASHOKLEY.NS"], "mu": [0.001861819182522595, 0.0010601786198094487, 0.0009440010180696845, 0.0015733138425275683, 0.0007556659402325749, 0.000873996876180172], "sd": [0.01641778089106083, 0.01569165661931038, 0.015801556408405304, 0.017170337960124016, 0.013668314553797245, 0.01815163716673851], "best_val": 0.00033245979284401983, "best_epoch": 52, "edge_index": [[0, 0, 0, 0, 0, 1, 1, 1, 1, 1, 2, 2, 2, 2, 2, 3, 3, 3, 3, 3, 4, 4, 4, 4, 4, 5, 5, 5, 5, 5], [1, 2, 3, 4, 5, 0, 2, 3, 4, 5, 0, 1, 3, 4, 5, 0, 1, 2, 4, 5, 0, 1, 2, 3, 5, 0, 1, 2, 3, 4]]}