{"target": "UBL.NS", "group_tickers": ["UBL.NS", "COLPAL.NS", "TATACONSUM.NS", "DABUR.NS", "GODREJCP.NS", "DLF.NS"], "mu": [0.00014498576638288796, 0.0005518547259271145, 0.0005344976671040058, -8.443357364740223e-05, 0.0002746834943536669, 0.0007268631015904248], "sd": [0.014268847182393074, 0.013480987399816513, 0.014122623950242996, 0.01311442069709301, 0.015918586403131485, 0.02001222036778927], "best_val": 0.0003059333103010431, "best_epoch": 42, "edge_index": [[0, 0, 0, 0, 0, 1, 1, 1, 1, 1, 2, 2, 2, 2, 2, 3, 3, 3, 3, 3, 4, 4, 4, 4, 4, 5, 5, 5, 5, 5], [1, 2, 3, 4, 5, 0, 2, 3, 4, 5, 0, 1, 3, 4, 5, 0, 1, 2, 4, 5, 0, 1, 2, 3, 5, 0, 1, 2, 3, 4]]}