{"target": "ULTRACEMCO.NS", "group_tickers": ["ULTRACEMCO.NS", "GRASIM.NS", "SHREECEM.NS", "JKCEMENT.NS", "DLF.NS", "ACC.NS"], "mu": [0.0005415176274254918, 0.0005356369074434042, 0.0001319365983363241, 0.0006686404231004417, 0.0007268631015904248, -0.00017641235899645835], "sd": [0.014020963571965694, 0.014056016691029072, 0.015251878648996353, 0.01771443337202072, 0.02001222036778927, 0.018205227330327034], "best_val": 0.00030001795676071197, "best_epoch": 80, "edge_index": [[0, 0, 0, 0, 0, 1, 1, 1, 1, 1, 2, 2, 2, 2, 2, 3, 3, 3, 3, 3, 4, 4, 4, 4, 4, 5, 5, 5, 5, 5], [1, 2, 3, 4, 5, 0, 2, 3, 4, 5, 0, 1, 3, 4, 5, 0, 1, 2, 4, 5, 0, 1, 2, 3, 5, 0, 1, 2, 3, 4]]}