{"target": "UPL.NS", "group_tickers": ["UPL.NS", "TATASTEEL.NS", "SAIL.NS", "SRF.NS", "TATAPOWER.NS", "DEEPAKNTR.NS"], "mu": [-8.601075387559831e-05, 0.0005798442289233208, 0.0003793987852986902, 0.0002119074488291517, 0.0005761757493019104, -0.00033113890094682574], "sd": [0.017028242349624634, 0.01886938326060772, 0.024167824536561966, 0.01711324043571949, 0.019125333055853844, 0.019541271030902863], "best_val": 0.000413106128689833, "best_epoch": 60, "edge_index": [[0, 0, 0, 0, 0, 1, 1, 1, 1, 1, 2, 2, 2, 2, 2, 3, 3, 3, 3, 3, 4, 4, 4, 4, 4, 5, 5, 5, 5, 5], [1, 2, 3, 4, 5, 0, 2, 3, 4, 5, 0, 1, 3, 4, 5, 0, 1, 2, 4, 5, 0, 1, 2, 3, 5, 0, 1, 2, 3, 4]]}