{"target": "VEDL.NS", "group_tickers": ["VEDL.NS", "TATASTEEL.NS", "HINDALCO.NS", "SAIL.NS", "NMDC.NS", "JINDALSTEL.NS"], "mu": [0.0010658648097887635, 0.0005798442289233208, 0.0005308088148012757, 0.0003793987852986902, 0.0009818903636187315, 0.0010398817248642445], "sd": [0.02191479690372944, 0.01886938326060772, 0.019888373091816902, 0.024167824536561966, 0.02131418138742447, 0.02155090868473053], "best_val": 0.0006263468385441229, "best_epoch": 77, "edge_index": [[0, 0, 0, 0, 0, 1, 1, 1, 1, 1, 2, 2, 2, 2, 2, 3, 3, 3, 3, 3, 4, 4, 4, 4, 4, 5, 5, 5, 5, 5], [1, 2, 3, 4, 5, 0, 2, 3, 4, 5, 0, 1, 3, 4, 5, 0, 1, 2, 4, 5, 0, 1, 2, 3, 5, 0, 1, 2, 3, 4]]}