{"target": "VGUARD.NS", "group_tickers": ["VGUARD.NS", "TATAPOWER.NS", "RBLBANK.NS", "DLF.NS", "NTPC.NS", "IRCON.NS"], "mu": [0.0005621325108222663, 0.0005761757493019104, 0.0008283128845505416, 0.0007268631015904248, 0.00113509816583246, 0.0015340555692091584], "sd": [0.016466785222291946, 0.019125333055853844, 0.027668198570609093, 0.02001222036778927, 0.01584269478917122, 0.03016442432999611], "best_val": 0.0005492783820955083, "best_epoch": 23, "edge_index": [[0, 0, 0, 0, 0, 1, 1, 1, 1, 1, 2, 2, 2, 2, 2, 3, 3, 3, 3, 3, 4, 4, 4, 4, 4, 5, 5, 5, 5, 5], [1, 2, 3, 4, 5, 0, 2, 3, 4, 5, 0, 1, 3, 4, 5, 0, 1, 2, 4, 5, 0, 1, 2, 3, 5, 0, 1, 2, 3, 4]]}