{"target": "VOLTAS.NS", "group_tickers": ["VOLTAS.NS", "HAVELLS.NS", "TATAPOWER.NS", "DLF.NS", "BAJAJFINSV.NS", "SRF.NS"], "mu": [0.000148961873492226, 0.0001886742393253371, 0.0005761757493019104, 0.0007268631015904248, 0.00022686015290673822, 0.0002119074488291517], "sd": [0.018757225945591927, 0.015230151824653149, 0.019125333055853844, 0.02001222036778927, 0.015984397381544113, 0.01711324043571949], "best_val": 0.0004042540822410956, "best_epoch": 55, "edge_index": [[0, 0, 0, 0, 0, 1, 1, 1, 1, 1, 2, 2, 2, 2, 2, 3, 3, 3, 3, 3, 4, 4, 4, 4, 4, 5, 5, 5, 5, 5], [1, 2, 3, 4, 5, 0, 2, 3, 4, 5, 0, 1, 3, 4, 5, 0, 1, 2, 4, 5, 0, 1, 2, 3, 5, 0, 1, 2, 3, 4]]}