{"target": "WIPRO.NS", "group_tickers": ["WIPRO.NS", "INFY.NS", "TECHM.NS", "TCS.NS", "HCLTECH.NS", "LTIM.NS"], "mu": [-0.00020878271607216448, -0.00010261678107781336, 3.3908352634171024e-05, -0.00015166722005233169, 0.0003947066143155098, -0.00014603965973947197], "sd": [0.015567931346595287, 0.01533600501716137, 0.016252752393484116, 0.01274960022419691, 0.01447338704019785, 0.01806066744029522], "best_val": 0.00026127648015972227, "best_epoch": 52, "edge_index": [[0, 0, 0, 0, 0, 1, 1, 1, 1, 1, 2, 2, 2, 2, 2, 3, 3, 3, 3, 3, 4, 4, 4, 4, 4, 5, 5, 5, 5, 5], [1, 2, 3, 4, 5, 0, 2, 3, 4, 5, 0, 1, 3, 4, 5, 0, 1, 2, 4, 5, 0, 1, 2, 3, 5, 0, 1, 2, 3, 4]]}