{"target": "YESBANK.NS", "group_tickers": ["YESBANK.NS", "IOB.NS", "CANBK.NS", "PNB.NS", "UNIONBANK.NS", "SAIL.NS"], "mu": [0.0005316169699653983, 0.0006991398986428976, 0.0012627242831513286, 0.0012472716625779867, 0.001391374971717596, 0.0003793987852986902], "sd": [0.02419043332338333, 0.029062222689390182, 0.021128343418240547, 0.022040311247110367, 0.024391131475567818, 0.024167824536561966], "best_val": 0.000607926122029312, "best_epoch": 41, "edge_index": [[0, 0, 0, 0, 0, 1, 1, 1, 1, 1, 2, 2, 2, 2, 2, 3, 3, 3, 3, 3, 4, 4, 4, 4, 4, 5, 5, 5, 5, 5], [1, 2, 3, 4, 5, 0, 2, 3, 4, 5, 0, 1, 3, 4, 5, 0, 1, 2, 4, 5, 0, 1, 2, 3, 5, 0, 1, 2, 3, 4]]}