{"target": "ZYDUSLIFE.NS", "group_tickers": ["ZYDUSLIFE.NS", "LUPIN.NS", "AUROPHARMA.NS", "DRREDDY.NS", "SUNPHARMA.NS", "CIPLA.NS"], "mu": [0.0009402005816809833, 0.0008565556490793824, 0.0005666007637046278, 0.0003669594880193472, 0.0007772197714075446, 0.0005869563901796937], "sd": [0.01542164757847786, 0.01682974584400654, 0.018375733867287636, 0.012981059029698372, 0.011986766010522842, 0.014015124179422855], "best_val": 0.0002261748450109735, "best_epoch": 51, "edge_index": [[0, 0, 0, 0, 0, 1, 1, 1, 1, 1, 2, 2, 2, 2, 2, 3, 3, 3, 3, 3, 4, 4, 4, 4, 4, 5, 5, 5, 5, 5], [1, 2, 3, 4, 5, 0, 2, 3, 4, 5, 0, 1, 3, 4, 5, 0, 1, 2, 4, 5, 0, 1, 2, 3, 5, 0, 1, 2, 3, 4]]}